user_id,username,display_name,account_age_days,followers_count,following_count,follow_ratio,posts_count,comments_count,unique_posts_commented,posts_per_day,comments_per_day,comments_per_post,duplicate_comment_rate,cross_post_comment_rate,max_comments_in_one_hour,is_bot,account_type
8e3512bf-ac57-4e4c-a37c-eebbbe9a4bfd,user_0001,User 0001,316.49,6,0,0.0,3,2,2,0.0095,0.0063,0.6667,0.0,0.0,1,,
19054397-bbca-4090-b394-376921193c2a,user_0002,User 0002,220.39,5,3,0.6,0,4,4,0.0,0.0181,4.0,0.0,0.0,1,,
6d40150a-960d-400c-b719-73a68dd50b56,user_0003,User 0003,978.66,3,2,0.6667,2,1,1,0.002,0.001,0.5,0.0,0.0,1,,
c8fb7761-7fc8-41be-8887-f2fb71da30bf,user_0004,User 0004,621.34,1,3,3.0,2,3,3,0.0032,0.0048,1.5,0.3333,0.6667,1,,
aa5583f4-785f-4e74-b89c-990fd370bb33,user_0005,User 0005,27.77,1,2,2.0,1,2,2,0.036,0.072,2.0,0.0,0.0,1,,
3efce6b3-af3b-418a-958e-4727587e433c,user_0006,User 0006,989.44,0,2,2.0,2,1,1,0.002,0.001,0.5,0.0,0.0,1,,
e805e4cc-7837-4f8e-b3db-f69c4ed9c65a,user_0007,User 0007,680.79,1,5,5.0,1,3,3,0.0015,0.0044,3.0,0.0,0.0,1,,
f8ca1c24-6d4e-4fb4-afa5-c048075aaa0f,user_0008,User 0008,447.65,4,6,1.5,0,0,0,0.0,0.0,0.0,0.0,0.0,0,,
05babf5f-88bd-4a61-9530-ee2dc9a3c5d8,user_0009,User 0009,741.04,1,2,2.0,2,3,3,0.0027,0.004,1.5,0.3333,0.6667,1,,
9d0acd47-8ff4-411a-b819-d7e305132a28,user_0010,User 0010,610.91,4,4,1.0,3,6,6,0.0049,0.0098,2.0,0.3333,0.5,1,,
9f338ba7-22ca-410e-a10f-122d4c0c9332,user_0011,User 0011,269.02,3,3,1.0,2,1,1,0.0074,0.0037,0.5,0.0,0.0,1,,
80951200-1cb3-4ec5-8028-98cffa55403c,user_0012,User 0012,402.45,4,5,1.25,2,3,3,0.005,0.0075,1.5,0.0,0.0,1,,
1353756d-51e7-4ce1-97bf-fb2860a3902e,user_0013,User 0013,266.35,4,4,1.0,1,6,6,0.0038,0.0225,6.0,0.0,0.0,1,,
6e4aea80-06c6-4dec-9a9b-e61be79bcd8d,user_0014,User 0014,979.56,3,3,1.0,1,2,2,0.001,0.002,2.0,0.0,0.0,1,,
8879b133-428a-4de1-a3c8-fd29e126a1a7,user_0015,User 0015,222.06,2,2,1.0,1,3,3,0.0045,0.0135,3.0,0.0,0.0,1,,
81009754-e932-4515-a19e-b4755a1856ce,user_0016,User 0016,197.47,4,0,0.0,1,3,3,0.0051,0.0152,3.0,0.0,0.0,1,,
f2a373b2-b5e0-4472-879c-31597c640c80,user_0017,User 0017,496.14,1,1,1.0,0,4,4,0.0,0.0081,4.0,0.0,0.0,1,,
19f5f781-86e8-4eda-909e-16db7710bb06,user_0018,User 0018,549.75,2,2,1.0,0,2,2,0.0,0.0036,2.0,0.0,0.0,1,,
03faddcc-6747-4a6e-a405-9b89d4b1ed42,user_0019,User 0019,394.61,3,2,0.6667,4,1,1,0.0101,0.0025,0.25,0.0,0.0,1,,
fe8dbf2b-1f20-4bbc-992a-6908d5670e88,user_0020,User 0020,470.73,2,1,0.5,2,1,1,0.0042,0.0021,0.5,0.0,0.0,1,,
df177e63-0700-4b6a-ba55-25b9f62675fd,ayush.kumarshah.24,AKS,3.4,0,0,0.0,0,0,0,0.0,0.0,0.0,0.0,0.0,0,,
cc0e82f4-64db-4699-88f2-e93fb5efc08f,ayush_test,Ayush,2.02,0,0,0.0,1,5,3,0.4951,2.4753,5.0,0.0,0.0,3,,
56600cf5-b0ee-492a-9a1b-fba0a9d81019,ayushkumar,AyushArtistic,2.02,0,0,0.0,1,2,1,0.496,0.992,2.0,0.0,0.0,2,,
a0d32f41-5df7-4056-87d5-439f2c479793,ayushkumarshah,Ayush Kumar Shah,1.89,0,2,2.0,2,2,2,1.0594,1.0594,1.0,0.0,0.0,1,,
c9cacd72-7c04-40fb-9f98-7aa31617301f,Saptarshi Mazumdar,Saptarshi ,1.0,0,0,0.0,0,0,0,0.0,0.0,0.0,0.0,0.0,0,,
1012d99f-08eb-432f-9557-f19ed7a340b8,Red,Essex,1.0,0,0,0.0,0,0,0,0.0,0.0,0.0,0.0,0.0,0,,
c08af93a-4124-4bf2-b66f-2731a1df0246,sim_user_0001,Simulated User 0001,354.02,17,13,0.7647,7,5,5,0.0198,0.0141,0.7143,0.2,0.4,1,0.0,human
023fbc65-52dd-4b69-8f99-dee5b154f57d,sim_user_0002,Simulated User 0002,1138.02,9,15,1.6667,7,10,10,0.0062,0.0088,1.4286,0.3,0.6,1,0.0,human
68fd2ce1-052f-4c66-abad-061ad9268443,sim_user_0003,Simulated User 0003,621.02,16,11,0.6875,0,2,2,0.0,0.0032,2.0,0.0,0.0,1,0.0,human
69921198-563f-490d-b1e2-355b7f6dbdb0,sim_user_0004,Simulated User 0004,399.02,11,11,1.0,4,8,8,0.01,0.02,2.0,0.0,0.0,1,0.0,human
226c20db-16b6-46a7-9f43-f70a02d65253,sim_user_0005,Simulated User 0005,962.02,20,7,0.35,4,9,9,0.0042,0.0094,2.25,0.0,0.0,1,0.0,human
afdf42ef-2671-448f-b145-c3cf2b5b24d3,sim_user_0006,Simulated User 0006,505.02,16,13,0.8125,3,13,13,0.0059,0.0257,4.3333,0.0769,0.1538,1,0.0,human
fbee57c6-df02-41ac-ad01-7996434ab3f1,sim_user_0007,Simulated User 0007,632.02,18,14,0.7778,8,0,0,0.0127,0.0,0.0,0.0,0.0,0,0.0,human
0c06a37b-e575-4591-8e78-b1dec62ef084,sim_user_0008,Simulated User 0008,1129.02,8,12,1.5,3,8,8,0.0027,0.0071,2.6667,0.125,0.25,1,0.0,human
bf0b634b-0de7-49e3-afa0-aa83f00d2b02,sim_user_0009,Simulated User 0009,878.02,19,10,0.5263,3,3,3,0.0034,0.0034,1.0,0.0,0.0,1,0.0,human
065f5620-bd7f-4145-8d34-93c8060a6520,sim_user_0010,Simulated User 0010,295.02,17,4,0.2353,6,1,1,0.0203,0.0034,0.1667,0.0,0.0,1,0.0,human
564cbf51-4a32-442e-becb-63b1a10ad413,sim_user_0011,Simulated User 0011,239.02,7,7,1.0,0,13,13,0.0,0.0544,13.0,0.1538,0.3077,1,0.0,human
5429dcb0-90a5-442c-84a1-4125fa08fac4,sim_user_0012,Simulated User 0012,463.02,27,14,0.5185,1,11,11,0.0022,0.0238,11.0,0.0909,0.1818,1,0.0,human
ebef7184-590e-4acd-907a-af643e84ee63,sim_user_0013,Simulated User 0013,917.02,19,15,0.7895,0,7,7,0.0,0.0076,7.0,0.0,0.0,1,0.0,human
0ec1bb67-4879-49fd-8cd3-e441e2e290c3,sim_user_0014,Simulated User 0014,793.02,22,11,0.5,3,14,14,0.0038,0.0177,4.6667,0.1429,0.2143,1,0.0,human
1a0d50a0-d80e-467b-83db-6e9fad2f1638,sim_user_0015,Simulated User 0015,1210.02,15,3,0.2,4,0,0,0.0033,0.0,0.0,0.0,0.0,0,0.0,human
55cf1045-ad3e-4adb-93a8-5aebb3c65744,sim_user_0016,Simulated User 0016,1419.02,15,12,0.8,4,1,1,0.0028,0.0007,0.25,0.0,0.0,1,0.0,human
ec100c24-f2da-4af2-8df2-1f8c02c8b0aa,sim_user_0017,Simulated User 0017,1365.02,13,7,0.5385,7,9,9,0.0051,0.0066,1.2857,0.1111,0.2222,1,0.0,human
eb0d1dab-64e7-4b4f-931a-d26f885b64ba,sim_user_0018,Simulated User 0018,947.02,21,5,0.2381,1,0,0,0.0011,0.0,0.0,0.0,0.0,0,0.0,human
5b28a720-1999-407f-a713-42d33790cff2,sim_user_0019,Simulated User 0019,1489.02,15,15,1.0,6,8,8,0.004,0.0054,1.3333,0.0,0.0,1,0.0,human
1aee8d1f-5781-4fe1-b5e9-ec0809671d90,sim_user_0020,Simulated User 0020,1227.02,20,8,0.4,8,10,10,0.0065,0.0081,1.25,0.0,0.0,1,0.0,human
4ec38ffa-7d4b-4bec-90da-bc039184d45d,sim_user_0021,Simulated User 0021,1187.02,19,10,0.5263,8,10,10,0.0067,0.0084,1.25,0.0,0.0,1,0.0,human
56a6df03-260a-47e4-b59a-d5556094d2c0,sim_user_0022,Simulated User 0022,1247.02,24,11,0.4583,2,3,3,0.0016,0.0024,1.5,0.0,0.0,1,0.0,human
50c62ebb-ce29-47d9-9df0-7a559497cdb8,sim_user_0023,Simulated User 0023,590.02,16,8,0.5,7,14,14,0.0119,0.0237,2.0,0.3571,0.6429,1,0.0,human
2b68b71c-e7d7-449b-bc20-ed62ccc29c98,sim_user_0024,Simulated User 0024,565.02,15,9,0.6,0,11,11,0.0,0.0195,11.0,0.1818,0.3636,1,0.0,human
e864600c-93bd-461e-b337-bdbaeeb3695e,sim_user_0025,Simulated User 0025,1036.02,13,14,1.0769,2,1,1,0.0019,0.001,0.5,0.0,0.0,1,0.0,human
38f922c3-094d-4cb3-9a9e-8023e3215d94,sim_user_0026,Simulated User 0026,894.02,19,8,0.4211,2,2,2,0.0022,0.0022,1.0,0.0,0.0,1,0.0,human
5e503bc7-a10a-43ca-9e85-ccf986ba3224,sim_user_0027,Simulated User 0027,1355.02,18,11,0.6111,8,14,14,0.0059,0.0103,1.75,0.1429,0.2857,1,0.0,human
66d0b101-db24-4048-946f-9033d4c6f37a,sim_user_0028,Simulated User 0028,294.02,18,13,0.7222,3,10,10,0.0102,0.034,3.3333,0.2,0.4,1,0.0,human
476a9a31-360c-4e3a-9080-313c81c4c605,sim_user_0029,Simulated User 0029,1215.02,18,10,0.5556,6,6,6,0.0049,0.0049,1.0,0.0,0.0,1,0.0,human
6b073d0f-6f43-4047-913c-4c4022f6c359,sim_user_0030,Simulated User 0030,1475.02,14,11,0.7857,3,10,10,0.002,0.0068,3.3333,0.2,0.4,1,0.0,human
9d356754-6691-4b65-b873-08c063ec3797,sim_user_0031,Simulated User 0031,1058.02,11,12,1.0909,5,8,8,0.0047,0.0076,1.6,0.0,0.0,1,0.0,human
885ede35-8930-4efe-91d6-f10583af7a78,sim_user_0032,Simulated User 0032,1435.02,10,10,1.0,2,12,12,0.0014,0.0084,6.0,0.0,0.0,1,0.0,human
ffeea4f0-a61c-4c2c-b36e-aa88aa608b22,sim_user_0033,Simulated User 0033,621.02,16,7,0.4375,8,3,3,0.0129,0.0048,0.375,0.0,0.0,1,0.0,human
9d0f92f2-d6ff-4b65-82d2-206f363f0fd7,sim_user_0034,Simulated User 0034,1246.02,21,10,0.4762,7,5,5,0.0056,0.004,0.7143,0.0,0.0,1,0.0,human
a0085376-8ed7-44b8-bb81-23a438d9b82e,sim_user_0035,Simulated User 0035,278.02,10,10,1.0,5,9,9,0.018,0.0324,1.8,0.1111,0.2222,1,0.0,human
348434d0-34ef-4a11-ba41-60268bd5047b,sim_user_0036,Simulated User 0036,823.02,17,3,0.1765,1,10,10,0.0012,0.0122,10.0,0.0,0.0,1,0.0,human
a2da6a66-3743-4828-9912-d05c38a004e9,sim_user_0037,Simulated User 0037,707.02,23,11,0.4783,7,4,4,0.0099,0.0057,0.5714,0.0,0.0,1,0.0,human
2c8ddb7a-0718-4e44-86f6-5529e6a8318a,sim_user_0038,Simulated User 0038,1410.02,16,4,0.25,4,14,14,0.0028,0.0099,3.5,0.2143,0.3571,1,0.0,human
39867ff0-251d-4c2b-bf6a-fb984499f34a,sim_user_0039,Simulated User 0039,215.02,17,8,0.4706,2,3,3,0.0093,0.014,1.5,0.0,0.0,1,0.0,human
e1a44ac9-4c2a-4699-bed5-81ecd7186fdd,sim_user_0040,Simulated User 0040,753.02,24,5,0.2083,0,14,14,0.0,0.0186,14.0,0.2143,0.4286,2,0.0,human
25c305ea-3eeb-478b-90c7-2707b31b2d67,sim_user_0041,Simulated User 0041,979.02,14,11,0.7857,6,15,15,0.0061,0.0153,2.5,0.3333,0.5333,2,0.0,human
ab909910-45ae-40ce-8396-14e0881611b3,sim_user_0042,Simulated User 0042,372.02,16,7,0.4375,0,14,14,0.0,0.0376,14.0,0.2143,0.4286,1,0.0,human
f801351a-d50a-450a-b433-ff0e951c91e5,sim_user_0043,Simulated User 0043,1396.02,16,11,0.6875,6,7,7,0.0043,0.005,1.1667,0.0,0.0,1,0.0,human
58627f51-bdd6-4793-922f-f412690e87fe,sim_user_0044,Simulated User 0044,718.02,17,14,0.8235,8,2,2,0.0111,0.0028,0.25,0.0,0.0,1,0.0,human
eba13949-5b98-4387-870c-9934e0e90f21,sim_user_0045,Simulated User 0045,779.02,10,14,1.4,0,14,14,0.0,0.018,14.0,0.1429,0.2857,1,0.0,human
e35e901e-2fe0-4b55-a285-46362b4b2d5f,sim_user_0046,Simulated User 0046,561.02,7,5,0.7143,7,8,8,0.0125,0.0143,1.1429,0.125,0.25,1,0.0,human
21e56e81-005b-426d-b4f6-87db58a73de5,sim_user_0047,Simulated User 0047,535.02,13,6,0.4615,4,10,10,0.0075,0.0187,2.5,0.1,0.2,1,0.0,human
09947782-1cfb-4065-b08b-acf1e5278b20,sim_user_0048,Simulated User 0048,876.02,19,9,0.4737,7,12,12,0.008,0.0137,1.7143,0.0833,0.1667,1,0.0,human
192cf77e-b030-4042-afa5-8582b33ec3ab,sim_user_0049,Simulated User 0049,685.02,17,14,0.8235,7,10,10,0.0102,0.0146,1.4286,0.0,0.0,1,0.0,human
050f65b6-78ee-4f80-a92c-a713f4051243,sim_user_0050,Simulated User 0050,560.02,14,8,0.5714,6,2,2,0.0107,0.0036,0.3333,0.0,0.0,1,0.0,human
9db1444d-f4e8-4a67-b1e3-053942ec5a28,sim_user_0051,Simulated User 0051,1365.02,22,3,0.1364,5,5,5,0.0037,0.0037,1.0,0.2,0.4,1,0.0,human
4342556f-1128-4d6d-a2a0-2c8813f1afe8,sim_user_0052,Simulated User 0052,305.02,15,15,1.0,8,11,11,0.0262,0.0361,1.375,0.2727,0.5455,1,0.0,human
ec1b827c-1856-47ff-8f90-39dcc33cdedb,sim_user_0053,Simulated User 0053,974.02,20,10,0.5,0,0,0,0.0,0.0,0.0,0.0,0.0,0,0.0,human
d1a052d6-2c96-4c7c-a5ff-e9db4ed1fa64,sim_user_0054,Simulated User 0054,348.02,17,4,0.2353,0,12,12,0.0,0.0345,12.0,0.0833,0.1667,1,0.0,human
5e589a13-5565-4c84-8a5b-445f2c586e4c,sim_user_0055,Simulated User 0055,936.02,19,4,0.2105,6,10,10,0.0064,0.0107,1.6667,0.0,0.0,1,0.0,human
19147a24-944d-4c60-8dee-142678a01486,sim_user_0056,Simulated User 0056,756.02,19,5,0.2632,4,12,12,0.0053,0.0159,3.0,0.0833,0.1667,1,0.0,human
89ca8459-2a72-4381-a23e-726af5956fba,sim_user_0057,Simulated User 0057,642.02,17,12,0.7059,7,0,0,0.0109,0.0,0.0,0.0,0.0,0,0.0,human
83fcbe70-bf28-4350-906a-a6634e99ad94,sim_user_0058,Simulated User 0058,429.02,11,10,0.9091,0,15,15,0.0,0.035,15.0,0.1333,0.2667,2,0.0,human
828172ae-05cd-4096-98bc-5336d7d240ab,sim_user_0059,Simulated User 0059,737.02,11,7,0.6364,7,12,12,0.0095,0.0163,1.7143,0.0,0.0,1,0.0,human
681b03fc-1387-4421-9aae-def2cf0e3afc,sim_user_0060,Simulated User 0060,1270.02,15,12,0.8,4,2,2,0.0031,0.0016,0.5,0.0,0.0,1,0.0,human
c99b0ef8-5727-4ef7-99a3-05f124f1ff55,sim_user_0061,Simulated User 0061,1145.02,13,4,0.3077,1,9,9,0.0009,0.0079,9.0,0.0,0.0,1,0.0,human
e42023c5-bf8a-48d8-a18e-d0ff3bb724e3,sim_user_0062,Simulated User 0062,215.02,18,7,0.3889,6,0,0,0.0279,0.0,0.0,0.0,0.0,0,0.0,human
daff2d20-1dae-48c1-af87-e6cd8f225ba2,sim_user_0063,Simulated User 0063,194.02,15,5,0.3333,6,5,5,0.0309,0.0258,0.8333,0.2,0.4,1,0.0,human
05aae01b-15bf-43ff-a3c5-076bbd87b67e,sim_user_0064,Simulated User 0064,1193.02,18,9,0.5,5,1,1,0.0042,0.0008,0.2,0.0,0.0,1,0.0,human
99301406-e9f4-4ccc-934e-f2c2e7fadd59,sim_user_0065,Simulated User 0065,271.02,14,12,0.8571,7,2,2,0.0258,0.0074,0.2857,0.0,0.0,1,0.0,human
69a3c0dc-54e1-4a8b-b9f1-a0fa8b7ccc37,sim_user_0066,Simulated User 0066,498.02,22,9,0.4091,2,8,8,0.004,0.0161,4.0,0.0,0.0,1,0.0,human
5517729e-6b29-4f8b-91d1-4aae834f20e4,sim_user_0067,Simulated User 0067,481.02,21,5,0.2381,3,1,1,0.0062,0.0021,0.3333,0.0,0.0,1,0.0,human
62925bda-ab4c-4c2b-b952-ab20205cd16e,sim_user_0068,Simulated User 0068,812.02,9,11,1.2222,7,8,8,0.0086,0.0099,1.1429,0.125,0.25,1,0.0,human
de7591cf-a9bb-4f81-9018-f46aab4fd143,sim_user_0069,Simulated User 0069,873.02,22,6,0.2727,5,1,1,0.0057,0.0011,0.2,0.0,0.0,1,0.0,human
b3084399-32a8-4340-b66e-61e310ee33ba,sim_user_0070,Simulated User 0070,1405.02,17,8,0.4706,2,8,8,0.0014,0.0057,4.0,0.125,0.25,1,0.0,human
1075a83c-a788-46ed-aa75-26d9c23d392f,sim_user_0071,Simulated User 0071,534.02,12,5,0.4167,3,8,8,0.0056,0.015,2.6667,0.0,0.0,1,0.0,human
2fe7b2fa-372e-4270-9844-25a8b3b7e04d,sim_user_0072,Simulated User 0072,630.02,13,5,0.3846,0,4,4,0.0,0.0063,4.0,0.0,0.0,1,0.0,human
0e6258d8-86e6-4766-8fa2-90b621bdb7b1,sim_user_0073,Simulated User 0073,589.02,19,3,0.1579,2,7,7,0.0034,0.0119,3.5,0.0,0.0,1,0.0,human
8dcc4585-702d-4b8a-a414-a6ea005ff549,sim_user_0074,Simulated User 0074,1390.02,16,3,0.1875,5,0,0,0.0036,0.0,0.0,0.0,0.0,0,0.0,human
a4a9f31e-447e-4ab8-92fa-dd3403ef52f9,sim_user_0075,Simulated User 0075,1216.02,20,14,0.7,2,15,15,0.0016,0.0123,7.5,0.2,0.3333,1,0.0,human
f7196a0e-4988-4cf8-8efe-77f1f68b1b15,sim_user_0076,Simulated User 0076,970.02,18,7,0.3889,8,7,7,0.0082,0.0072,0.875,0.2857,0.5714,1,0.0,human
bada0eef-80bf-4c44-b150-fab0b1ab35e6,sim_user_0077,Simulated User 0077,309.02,18,14,0.7778,8,14,14,0.0259,0.0453,1.75,0.0714,0.1429,1,0.0,human
44c6cf6e-10f4-4781-82de-b9026258a261,sim_user_0078,Simulated User 0078,987.02,11,8,0.7273,7,2,2,0.0071,0.002,0.2857,0.0,0.0,1,0.0,human
dd7827ef-f652-4e21-bad1-993183f20756,sim_user_0079,Simulated User 0079,207.02,17,12,0.7059,1,5,5,0.0048,0.0242,5.0,0.2,0.4,1,0.0,human
8b5fc6da-d2ca-4722-a236-a04b377579d4,sim_user_0080,Simulated User 0080,1271.02,16,11,0.6875,3,12,12,0.0024,0.0094,4.0,0.0833,0.1667,2,0.0,human
17aedae9-aba0-45ae-b297-a0af1210d645,sim_user_0081,Simulated User 0081,760.02,12,11,0.9167,8,8,8,0.0105,0.0105,1.0,0.125,0.25,1,0.0,human
30297195-c1a0-4e33-b77d-65d5034810d5,sim_user_0082,Simulated User 0082,970.02,24,3,0.125,2,12,12,0.0021,0.0124,6.0,0.25,0.5,1,0.0,human
ea5f9230-374d-4ac2-aa8f-6fe7faefdd9d,sim_user_0083,Simulated User 0083,272.02,17,7,0.4118,2,10,10,0.0074,0.0368,5.0,0.2,0.4,1,0.0,human
82e2398e-daf7-430f-8d14-da774361fc44,sim_user_0084,Simulated User 0084,657.02,18,15,0.8333,0,2,2,0.0,0.003,2.0,0.0,0.0,1,0.0,human
9b32b1ea-ac6d-4e6d-9342-103e4eb0ea4c,sim_user_0085,Simulated User 0085,1100.02,16,7,0.4375,3,11,11,0.0027,0.01,3.6667,0.0909,0.1818,1,0.0,human
b69e320d-7b9e-4720-b700-7538f2390a28,sim_user_0086,Simulated User 0086,407.02,15,13,0.8667,4,14,14,0.0098,0.0344,3.5,0.1429,0.2857,1,0.0,human
36352bdd-365b-4e96-861a-7ffc2b19489d,sim_user_0087,Simulated User 0087,227.02,17,4,0.2353,2,4,4,0.0088,0.0176,2.0,0.0,0.0,1,0.0,human
781e1415-7ca1-42f2-a788-aac618c120bd,sim_user_0088,Simulated User 0088,744.02,19,12,0.6316,8,13,13,0.0108,0.0175,1.625,0.2308,0.4615,1,0.0,human
f483b298-7b0a-4f9e-9547-1c108a900401,sim_user_0089,Simulated User 0089,542.02,15,8,0.5333,3,4,4,0.0055,0.0074,1.3333,0.0,0.0,1,0.0,human
7b113bc5-acd5-4fa7-afe0-225b83ec4499,sim_user_0090,Simulated User 0090,445.02,15,7,0.4667,6,2,2,0.0135,0.0045,0.3333,0.0,0.0,1,0.0,human
f176ef41-7e01-43b9-8d50-854c83026910,sim_user_0091,Simulated User 0091,295.02,20,11,0.55,8,2,2,0.0271,0.0068,0.25,0.0,0.0,1,0.0,human
650951b9-c7d8-47b9-a1b5-d69a690c60b4,sim_user_0092,Simulated User 0092,847.02,16,14,0.875,8,7,7,0.0094,0.0083,0.875,0.0,0.0,1,0.0,human
f3bdfe68-1828-43e2-a7eb-3165fc888f24,sim_user_0093,Simulated User 0093,459.02,17,14,0.8235,3,5,5,0.0065,0.0109,1.6667,0.0,0.0,2,0.0,human
28e03c74-2af1-46dc-8e35-973e16d46e8a,sim_user_0094,Simulated User 0094,611.02,16,11,0.6875,7,7,7,0.0115,0.0115,1.0,0.0,0.0,1,0.0,human
3689ef6f-9220-44ac-8de1-18d3303dcce9,sim_user_0095,Simulated User 0095,938.02,15,7,0.4667,2,11,11,0.0021,0.0117,5.5,0.1818,0.3636,1,0.0,human
1b35f352-df32-403e-b667-a981422c5b1d,sim_user_0096,Simulated User 0096,1094.02,18,8,0.4444,7,11,11,0.0064,0.0101,1.5714,0.0909,0.1818,1,0.0,human
e59b7e7e-70f0-4447-9f31-9de8b78d72c0,sim_user_0097,Simulated User 0097,463.02,16,6,0.375,5,12,12,0.0108,0.0259,2.4,0.1667,0.3333,1,0.0,human
84315b0a-6375-4718-9000-cc22c76b6c86,sim_user_0098,Simulated User 0098,184.02,13,12,0.9231,5,8,8,0.0272,0.0435,1.6,0.375,0.625,1,0.0,human
f349eaaa-70de-473c-90b4-01ec4c91e303,sim_user_0099,Simulated User 0099,1086.02,21,13,0.619,3,5,5,0.0028,0.0046,1.6667,0.2,0.4,1,0.0,human
ee2f8e69-5f34-440b-8d04-58f43dbbae62,sim_user_0100,Simulated User 0100,1043.02,19,11,0.5789,7,10,10,0.0067,0.0096,1.4286,0.1,0.2,1,0.0,human
872cc306-c6d9-4d92-9fbd-deddc97918c8,sim_user_0101,Simulated User 0101,1384.02,14,8,0.5714,4,2,2,0.0029,0.0014,0.5,0.0,0.0,1,0.0,human
451c86e9-474c-4c1c-a130-912c5ef13744,sim_user_0102,Simulated User 0102,962.02,19,4,0.2105,1,14,14,0.001,0.0146,14.0,0.0714,0.1429,2,0.0,human
9b0d3181-07c4-4bb5-a0a4-2bee1fe3c65d,sim_user_0103,Simulated User 0103,721.02,26,6,0.2308,8,5,5,0.0111,0.0069,0.625,0.0,0.0,1,0.0,human
0b1d8fa0-f42c-4023-bc9b-28990efb68aa,sim_user_0104,Simulated User 0104,897.02,26,8,0.3077,6,4,4,0.0067,0.0045,0.6667,0.0,0.0,1,0.0,human
0ca3842d-eead-483b-ba31-1b1e5e5d4b3d,sim_user_0105,Simulated User 0105,1000.02,7,10,1.4286,7,14,14,0.007,0.014,2.0,0.2143,0.4286,1,0.0,human
9a18649a-ce0e-4274-a3b2-c66934d0def9,sim_user_0106,Simulated User 0106,883.02,22,12,0.5455,0,12,12,0.0,0.0136,12.0,0.0833,0.1667,1,0.0,human
3c56f274-54e5-416d-a3b1-9136f633fe6e,sim_user_0107,Simulated User 0107,1141.02,14,12,0.8571,6,14,14,0.0053,0.0123,2.3333,0.0714,0.1429,2,0.0,human
6fc63b44-390a-46e3-a22f-51ee2efba6c0,sim_user_0108,Simulated User 0108,550.02,17,11,0.6471,0,10,10,0.0,0.0182,10.0,0.0,0.0,1,0.0,human
3c291541-7ced-4aa7-8597-e068c2bae9c9,sim_user_0109,Simulated User 0109,831.02,18,13,0.7222,0,11,11,0.0,0.0132,11.0,0.1818,0.3636,1,0.0,human
e185c0db-af2e-4b95-b0ec-fdffbfe069f4,sim_user_0110,Simulated User 0110,1229.02,17,13,0.7647,4,13,13,0.0033,0.0106,3.25,0.1538,0.3077,1,0.0,human
9adac614-b2fb-49d5-9e2a-9dcc2fc4c363,sim_user_0111,Simulated User 0111,493.02,24,5,0.2083,3,3,3,0.0061,0.0061,1.0,0.3333,0.6667,1,0.0,human
33c6418c-a2c7-4450-98f3-9d14043be53d,sim_user_0112,Simulated User 0112,227.02,12,15,1.25,7,10,10,0.0308,0.044,1.4286,0.1,0.2,1,0.0,human
48d74abf-43fa-4dab-b5c2-93adbb2d70ab,sim_user_0113,Simulated User 0113,851.02,18,12,0.6667,2,6,6,0.0024,0.0071,3.0,0.1667,0.3333,1,0.0,human
fe88e27f-a5a3-4404-880b-f712390854df,sim_user_0114,Simulated User 0114,1290.02,14,11,0.7857,4,6,6,0.0031,0.0047,1.5,0.0,0.0,1,0.0,human
2b087ce8-c6fb-4905-8f1f-c42ca11ad023,sim_user_0115,Simulated User 0115,269.02,17,7,0.4118,8,13,13,0.0297,0.0483,1.625,0.1538,0.3077,1,0.0,human
5f4875cf-3ea2-429a-b553-1d6f63dbdea7,sim_user_0116,Simulated User 0116,444.02,21,8,0.381,4,4,4,0.009,0.009,1.0,0.0,0.0,1,0.0,human
9fab47af-8524-49af-82ca-199100241a48,sim_user_0117,Simulated User 0117,1284.02,10,11,1.1,4,15,15,0.0031,0.0117,3.75,0.2,0.4,1,0.0,human
96245fdf-7dc2-4b40-8fbf-749cf9221dbf,sim_user_0118,Simulated User 0118,555.02,15,12,0.8,4,1,1,0.0072,0.0018,0.25,0.0,0.0,1,0.0,human
f8ba554f-3a32-43bd-9410-83f8a6784d35,sim_user_0119,Simulated User 0119,1174.02,17,15,0.8824,1,2,2,0.0009,0.0017,2.0,0.0,0.0,1,0.0,human
d035afc8-3637-49bf-a69c-a33051761cd5,sim_user_0120,Simulated User 0120,1263.02,22,11,0.5,1,8,8,0.0008,0.0063,8.0,0.125,0.25,1,0.0,human
559196fc-3f50-4243-b784-6e97991b470c,sim_user_0121,Simulated User 0121,1293.02,11,12,1.0909,5,14,14,0.0039,0.0108,2.8,0.1429,0.2857,1,0.0,human
b0b9d8d1-2cd8-4190-b59e-5d06b97cf267,sim_user_0122,Simulated User 0122,1344.02,16,7,0.4375,2,11,11,0.0015,0.0082,5.5,0.0909,0.1818,1,0.0,human
38f86471-131b-4b03-a6bf-716e1daca652,sim_user_0123,Simulated User 0123,323.02,10,8,0.8,3,15,15,0.0093,0.0464,5.0,0.2,0.4,1,0.0,human
08515737-b6ab-4587-9f01-dfd3e795609e,sim_user_0124,Simulated User 0124,668.02,14,13,0.9286,0,15,15,0.0,0.0225,15.0,0.1333,0.2667,1,0.0,human
d4d82833-1698-47b3-9b26-48567e66fe86,sim_user_0125,Simulated User 0125,1141.02,12,3,0.25,4,0,0,0.0035,0.0,0.0,0.0,0.0,0,0.0,human
862cc1e9-66a1-4680-af18-b91c1391802e,sim_user_0126,Simulated User 0126,947.02,19,5,0.2632,8,0,0,0.0084,0.0,0.0,0.0,0.0,0,0.0,human
b391456f-9127-46aa-9b65-b3612bd0281f,sim_user_0127,Simulated User 0127,1083.02,15,3,0.2,7,11,11,0.0065,0.0102,1.5714,0.0909,0.1818,1,0.0,human
41149569-2241-43d3-b7dc-14744381c19b,sim_user_0128,Simulated User 0128,729.02,16,12,0.75,2,14,14,0.0027,0.0192,7.0,0.0714,0.1429,2,0.0,human
84e60b80-40a5-4c3e-97a3-98f30484af59,sim_user_0129,Simulated User 0129,846.02,17,8,0.4706,3,15,15,0.0035,0.0177,5.0,0.2667,0.5333,1,0.0,human
fad063a9-322b-4fde-be17-ef0ee07cf9cf,sim_user_0130,Simulated User 0130,490.02,16,3,0.1875,5,14,14,0.0102,0.0286,2.8,0.2143,0.4286,1,0.0,human
e6743e48-d63e-4867-b1cc-2e9831ee2da2,sim_user_0131,Simulated User 0131,413.02,18,5,0.2778,6,12,12,0.0145,0.0291,2.0,0.3333,0.5833,1,0.0,human
a0f44915-ce95-49ff-bee7-52b29d81ff8f,sim_user_0132,Simulated User 0132,529.02,13,15,1.1538,5,2,2,0.0095,0.0038,0.4,0.0,0.0,1,0.0,human
b9c37bc3-ca83-4ecf-b6cc-27cca9b4a089,sim_user_0133,Simulated User 0133,248.02,24,10,0.4167,1,6,6,0.004,0.0242,6.0,0.1667,0.3333,1,0.0,human
c88ff6af-d343-432b-8ead-0d3b3fcb0f67,sim_user_0134,Simulated User 0134,226.02,21,6,0.2857,7,7,7,0.031,0.031,1.0,0.0,0.0,1,0.0,human
46394977-f78a-4eb8-a0fd-92c8a6dde88d,sim_user_0135,Simulated User 0135,1345.02,20,14,0.7,6,4,4,0.0045,0.003,0.6667,0.0,0.0,1,0.0,human
2ae40ed3-c6cb-4334-9caf-d3dd2a60f044,sim_user_0136,Simulated User 0136,749.02,20,10,0.5,1,14,14,0.0013,0.0187,14.0,0.2857,0.5,1,0.0,human
b18cced1-65ae-40d0-847d-897f2f12ed96,sim_user_0137,Simulated User 0137,296.02,19,6,0.3158,5,12,12,0.0169,0.0405,2.4,0.1667,0.3333,1,0.0,human
d9566a8b-6125-43d6-be93-ca2b6239c63e,sim_user_0138,Simulated User 0138,446.02,17,8,0.4706,4,2,2,0.009,0.0045,0.5,0.0,0.0,1,0.0,human
82a47091-99db-4b53-8789-77b598dbfff9,sim_user_0139,Simulated User 0139,1481.02,13,6,0.4615,8,2,2,0.0054,0.0014,0.25,0.0,0.0,1,0.0,human
7f5b3aee-c9d7-4f11-a57b-a5b4fb5812f1,sim_user_0140,Simulated User 0140,989.02,23,13,0.5652,2,14,14,0.002,0.0142,7.0,0.1429,0.2857,1,0.0,human
6f3d5e29-2b86-4453-af6c-a61f4d472691,sim_user_0141,Simulated User 0141,317.02,17,6,0.3529,8,6,6,0.0252,0.0189,0.75,0.1667,0.3333,1,0.0,human
08754763-d721-441c-bb6a-fd687d7467e9,sim_user_0142,Simulated User 0142,482.02,15,11,0.7333,0,7,7,0.0,0.0145,7.0,0.1429,0.2857,1,0.0,human
190a0d60-0c37-4e48-abff-70c4a069923b,sim_user_0143,Simulated User 0143,1253.02,18,12,0.6667,3,6,6,0.0024,0.0048,2.0,0.1667,0.3333,1,0.0,human
665fcbc2-ac24-442c-93e3-da2b16a17121,sim_user_0144,Simulated User 0144,226.02,7,6,0.8571,0,15,15,0.0,0.0664,15.0,0.1333,0.2667,1,0.0,human
12e137f0-f208-4a57-ac02-bf3a9da20bcf,sim_user_0145,Simulated User 0145,590.02,15,12,0.8,2,11,11,0.0034,0.0186,5.5,0.1818,0.3636,1,0.0,human
00f79e29-6b3b-402e-a5d2-de9e273c82fe,sim_user_0146,Simulated User 0146,690.02,15,4,0.2667,0,4,4,0.0,0.0058,4.0,0.0,0.0,1,0.0,human
fe880c5c-4865-4b2b-b50c-4290b663e002,sim_user_0147,Simulated User 0147,394.02,15,3,0.2,5,9,9,0.0127,0.0228,1.8,0.0,0.0,1,0.0,human
586485c0-782f-47f3-adc8-9129a35d4f52,sim_user_0148,Simulated User 0148,470.02,19,11,0.5789,1,9,9,0.0021,0.0191,9.0,0.0,0.0,1,0.0,human
87d4a528-255a-40a0-9063-f5f663a7f9d7,sim_user_0149,Simulated User 0149,850.02,14,15,1.0714,4,0,0,0.0047,0.0,0.0,0.0,0.0,0,0.0,human
e8819304-9c51-46d8-871e-a336b8167903,sim_user_0150,Simulated User 0150,1004.02,14,11,0.7857,5,13,13,0.005,0.0129,2.6,0.2308,0.3077,1,0.0,human
6e4b6395-c0d2-4a04-8605-64470b9ff688,sim_user_0151,Simulated User 0151,435.02,16,13,0.8125,6,13,13,0.0138,0.0299,2.1667,0.1538,0.3077,1,0.0,human
3cb527d3-7839-4cbf-8b1b-6986347fc5f3,sim_user_0152,Simulated User 0152,1154.02,29,7,0.2414,4,3,3,0.0035,0.0026,0.75,0.0,0.0,1,0.0,human
e8cd880c-62e9-4aa8-82be-4b95c00fe4a5,sim_user_0153,Simulated User 0153,906.02,19,14,0.7368,8,3,3,0.0088,0.0033,0.375,0.0,0.0,1,0.0,human
ba72c1c6-c1da-4604-94ea-203bab1ef405,sim_user_0154,Simulated User 0154,906.02,12,13,1.0833,0,2,2,0.0,0.0022,2.0,0.0,0.0,1,0.0,human
9b4ed7d3-a265-4bab-80f6-ba56dbaa86cb,sim_user_0155,Simulated User 0155,1065.02,21,5,0.2381,1,13,13,0.0009,0.0122,13.0,0.0769,0.1538,1,0.0,human
99a85af9-99f9-4d57-90f3-d13f042f9527,sim_user_0156,Simulated User 0156,838.02,14,5,0.3571,4,9,9,0.0048,0.0107,2.25,0.1111,0.2222,1,0.0,human
e97fb263-3ad7-4642-be11-186fa925e9ad,sim_user_0157,Simulated User 0157,184.02,20,12,0.6,5,14,14,0.0272,0.0761,2.8,0.2857,0.5,1,0.0,human
82a747b8-e65d-42a7-acd7-516bd17d2e02,sim_user_0158,Simulated User 0158,595.02,10,8,0.8,4,9,9,0.0067,0.0151,2.25,0.1111,0.2222,1,0.0,human
e2f03e82-20fa-4b9f-981f-5c0d8edbadec,sim_user_0159,Simulated User 0159,1014.02,12,4,0.3333,3,4,4,0.003,0.0039,1.3333,0.0,0.0,1,0.0,human
94287a6e-4ce9-447d-a61e-a80a5624a315,sim_user_0160,Simulated User 0160,698.02,23,9,0.3913,0,5,5,0.0,0.0072,5.0,0.0,0.0,1,0.0,human
aab3ad45-4c51-4dc1-8ed3-8d8c8c167271,sim_user_0161,Simulated User 0161,1315.02,11,5,0.4545,5,0,0,0.0038,0.0,0.0,0.0,0.0,0,0.0,human
1f4300b6-6857-4718-82ca-e64156982bef,sim_user_0162,Simulated User 0162,533.02,13,3,0.2308,2,15,15,0.0038,0.0281,7.5,0.2,0.4,1,0.0,human
765c01bf-4113-4455-8c46-3459097aae40,sim_user_0163,Simulated User 0163,285.02,14,13,0.9286,3,3,3,0.0105,0.0105,1.0,0.0,0.0,1,0.0,human
e0448e3e-4b9f-412e-9211-70783a0e9f9c,sim_user_0164,Simulated User 0164,1108.02,12,12,1.0,6,0,0,0.0054,0.0,0.0,0.0,0.0,0,0.0,human
d5197337-5d92-4829-b3c5-3561ae5f5a9b,sim_user_0165,Simulated User 0165,924.02,19,15,0.7895,2,5,5,0.0022,0.0054,2.5,0.0,0.0,1,0.0,human
21a955f0-4f77-47f5-bba2-5ac495c6cfa4,sim_user_0166,Simulated User 0166,742.02,22,9,0.4091,7,2,2,0.0094,0.0027,0.2857,0.0,0.0,1,0.0,human
8ecf591f-92bd-44b4-ba10-2f5cc17d0390,sim_user_0167,Simulated User 0167,282.02,12,4,0.3333,4,1,1,0.0142,0.0035,0.25,0.0,0.0,1,0.0,human
e93e8ddf-081d-4b92-b6df-36271f1f689a,sim_user_0168,Simulated User 0168,486.02,11,8,0.7273,8,1,1,0.0165,0.0021,0.125,0.0,0.0,1,0.0,human
f2a0de14-85d8-4a11-a566-3fc494e15036,sim_user_0169,Simulated User 0169,1420.02,18,7,0.3889,3,12,12,0.0021,0.0085,4.0,0.0833,0.1667,1,0.0,human
54e2ac7b-b344-4224-abf6-51a96e905ddb,sim_user_0170,Simulated User 0170,572.02,20,14,0.7,1,1,1,0.0017,0.0017,1.0,0.0,0.0,1,0.0,human
5c98c670-9d68-4f08-ad46-3b65226239ae,sim_user_0171,Simulated User 0171,213.02,20,15,0.75,1,7,7,0.0047,0.0329,7.0,0.1429,0.2857,1,0.0,human
1363d94c-3c13-4f28-9f83-13835c0820e0,sim_user_0172,Simulated User 0172,1032.02,19,7,0.3684,4,15,15,0.0039,0.0145,3.75,0.2667,0.5333,1,0.0,human
ca8d2467-079f-4c88-a2d8-b5d3c7bf081b,sim_user_0173,Simulated User 0173,279.02,12,11,0.9167,0,4,4,0.0,0.0143,4.0,0.0,0.0,1,0.0,human
fcc7fd5b-78f7-478b-9f77-89f75c9de71c,sim_user_0174,Simulated User 0174,1361.02,16,5,0.3125,5,15,15,0.0037,0.011,3.0,0.2,0.4,1,0.0,human
b9c7c3ec-98a5-41af-b1b7-255c62c982ac,sim_user_0175,Simulated User 0175,530.02,12,6,0.5,6,0,0,0.0113,0.0,0.0,0.0,0.0,0,0.0,human
f1e8415d-38c0-47ad-8ec2-a79a27d5be26,sim_user_0176,Simulated User 0176,939.02,18,14,0.7778,5,4,4,0.0053,0.0043,0.8,0.0,0.0,1,0.0,human
d547db72-ecec-482b-8bba-ca44a4a18bc7,sim_user_0177,Simulated User 0177,288.02,17,13,0.7647,3,1,1,0.0104,0.0035,0.3333,0.0,0.0,1,0.0,human
76e9b432-a693-477f-980c-134dc715776c,sim_user_0178,Simulated User 0178,1088.02,13,14,1.0769,0,6,6,0.0,0.0055,6.0,0.0,0.0,1,0.0,human
7c490804-9fe8-4c24-9284-e40e34f9477e,sim_user_0179,Simulated User 0179,1101.02,15,15,1.0,7,3,3,0.0064,0.0027,0.4286,0.0,0.0,1,0.0,human
80606966-8da7-43d2-846e-e4888f6f6cdb,sim_user_0180,Simulated User 0180,271.02,12,5,0.4167,5,10,10,0.0184,0.0369,2.0,0.1,0.2,1,0.0,human
da9739d4-669d-487f-8f64-c555ac9febfa,sim_user_0181,Simulated User 0181,1295.02,22,5,0.2273,4,9,9,0.0031,0.0069,2.25,0.0,0.0,1,0.0,human
2bd3efb2-112e-4002-bf43-273fc73f0e2a,sim_user_0182,Simulated User 0182,1456.02,15,14,0.9333,2,2,2,0.0014,0.0014,1.0,0.0,0.0,1,0.0,human
f015672a-4a7f-4b0a-940f-f11c3c15b052,sim_user_0183,Simulated User 0183,1323.02,14,11,0.7857,2,11,11,0.0015,0.0083,5.5,0.1818,0.2727,1,0.0,human
64d539d1-c75e-47dd-b535-67ea1e050d33,sim_user_0184,Simulated User 0184,1300.02,8,7,0.875,3,8,8,0.0023,0.0062,2.6667,0.25,0.5,1,0.0,human
4a6f83f7-9504-4ebe-8f15-1a1c50eda3e2,sim_user_0185,Simulated User 0185,969.02,14,7,0.5,7,5,5,0.0072,0.0052,0.7143,0.0,0.0,1,0.0,human
d01212f8-40b7-4b96-9edc-d5df5ac438ac,sim_user_0186,Simulated User 0186,1352.02,21,13,0.619,3,7,7,0.0022,0.0052,2.3333,0.0,0.0,1,0.0,human
7685a7fc-3746-47cb-a8e1-e3d7b0ee6ce1,sim_user_0187,Simulated User 0187,1134.02,16,13,0.8125,0,0,0,0.0,0.0,0.0,0.0,0.0,0,0.0,human
6e5d72f6-0e72-4f67-8601-52b8fee3d8f9,sim_user_0188,Simulated User 0188,854.02,14,3,0.2143,7,7,7,0.0082,0.0082,1.0,0.0,0.0,1,0.0,human
1015c170-3972-44d1-a792-add9e4a69160,sim_user_0189,Simulated User 0189,1492.02,17,12,0.7059,0,10,10,0.0,0.0067,10.0,0.0,0.0,1,0.0,human
3267fd71-9159-4ed9-ba7b-580a9d3fe01b,sim_user_0190,Simulated User 0190,1440.02,15,12,0.8,4,14,14,0.0028,0.0097,3.5,0.2143,0.4286,1,0.0,human
3ebc4ec1-efb7-407a-ade9-cc9f607516b0,sim_user_0191,Simulated User 0191,518.02,13,11,0.8462,1,7,7,0.0019,0.0135,7.0,0.0,0.0,1,0.0,human
1a2a9851-d2c9-4aa1-915d-2940132b2fe8,sim_user_0192,Simulated User 0192,921.02,18,12,0.6667,7,10,10,0.0076,0.0109,1.4286,0.1,0.2,1,0.0,human
0119c8bd-212f-4514-a73c-fc660fe7c2e5,sim_user_0193,Simulated User 0193,449.02,21,3,0.1429,7,11,11,0.0156,0.0245,1.5714,0.0,0.0,1,0.0,human
fc2cb370-63fc-40c7-8756-ff34139332a6,sim_user_0194,Simulated User 0194,300.02,20,11,0.55,7,6,6,0.0233,0.02,0.8571,0.0,0.0,1,0.0,human
1e8d06fb-3a36-44de-b931-213a13bddc42,sim_user_0195,Simulated User 0195,988.02,20,10,0.5,7,8,8,0.0071,0.0081,1.1429,0.125,0.25,1,0.0,human
f65984ca-efed-40c1-9ae9-f467c74d4ae5,sim_user_0196,Simulated User 0196,253.02,20,7,0.35,3,1,1,0.0119,0.004,0.3333,0.0,0.0,1,0.0,human
6b04d7fe-b14b-4d0c-a44f-35d49c4aa83f,sim_user_0197,Simulated User 0197,1269.02,19,4,0.2105,3,10,10,0.0024,0.0079,3.3333,0.2,0.4,1,0.0,human
bce7546c-3b0f-4d3b-9e1f-9a8e1f4807e6,sim_user_0198,Simulated User 0198,297.02,13,3,0.2308,2,7,7,0.0067,0.0236,3.5,0.0,0.0,1,0.0,human
057c2745-c38f-4036-9930-c70c55a896b0,sim_user_0199,Simulated User 0199,1160.02,19,4,0.2105,0,11,11,0.0,0.0095,11.0,0.0909,0.1818,1,0.0,human
3eb6665b-f53a-4886-a8e5-353da45bb346,sim_user_0200,Simulated User 0200,1344.02,14,9,0.6429,7,15,15,0.0052,0.0112,2.1429,0.2667,0.5333,1,0.0,human
d808b4fb-5409-46b6-a5b0-0cc577785d7f,sim_user_0201,Simulated User 0201,219.02,19,5,0.2632,8,5,5,0.0365,0.0228,0.625,0.0,0.0,1,0.0,human
8c6da6e6-edc3-40a0-8828-ce29cd3ee3f1,sim_user_0202,Simulated User 0202,1363.02,20,14,0.7,2,15,15,0.0015,0.011,7.5,0.2,0.3333,1,0.0,human
d795a172-fd28-47c5-bd11-41d9fb7d4f51,sim_user_0203,Simulated User 0203,422.02,18,6,0.3333,7,8,8,0.0166,0.019,1.1429,0.0,0.0,1,0.0,human
2ded2b73-9fbe-451a-9e65-a9858a8c5925,sim_user_0204,Simulated User 0204,1488.02,21,12,0.5714,3,6,6,0.002,0.004,2.0,0.1667,0.3333,1,0.0,human
c5731bf7-a9a7-4917-aeea-4271657b5c30,sim_user_0205,Simulated User 0205,741.02,15,4,0.2667,8,15,15,0.0108,0.0202,1.875,0.2,0.4,2,0.0,human
c83fe327-0ce1-422d-86f8-a6d39aee85de,sim_user_0206,Simulated User 0206,1125.02,17,13,0.7647,1,10,10,0.0009,0.0089,10.0,0.2,0.4,1,0.0,human
639ef19a-d8a3-4119-85d2-97d8aee0e31c,sim_user_0207,Simulated User 0207,1072.02,19,6,0.3158,0,1,1,0.0,0.0009,1.0,0.0,0.0,1,0.0,human
6e56d272-2d12-4b08-a1dd-c89f44bf7d10,sim_user_0208,Simulated User 0208,756.02,17,11,0.6471,5,7,7,0.0066,0.0093,1.4,0.0,0.0,1,0.0,human
c42cf7e9-c387-465c-8cfb-bbc1b5490c4a,sim_user_0209,Simulated User 0209,451.02,20,13,0.65,8,2,2,0.0177,0.0044,0.25,0.0,0.0,1,0.0,human
45741768-2c92-4dfc-a781-80e55f2c553e,sim_user_0210,Simulated User 0210,834.02,19,11,0.5789,5,3,3,0.006,0.0036,0.6,0.0,0.0,1,0.0,human
aa2cc4af-9452-464f-be9c-afda73516d31,sim_user_0211,Simulated User 0211,1204.02,22,13,0.5909,3,5,4,0.0025,0.0042,1.6667,0.0,0.0,1,0.0,human
0b705b50-f84f-416a-8577-1577c2149132,sim_user_0212,Simulated User 0212,991.02,13,4,0.3077,4,9,9,0.004,0.0091,2.25,0.1111,0.2222,1,0.0,human
3ef3ef90-b3e9-4615-aaa4-b20c0a4be907,sim_user_0213,Simulated User 0213,308.02,18,6,0.3333,1,1,1,0.0032,0.0032,1.0,0.0,0.0,1,0.0,human
89e13fc6-f678-4efa-8f72-1a2f9324f553,sim_user_0214,Simulated User 0214,1384.02,16,8,0.5,0,8,8,0.0,0.0058,8.0,0.125,0.25,1,0.0,human
6d56c271-6c1a-471d-bed1-ebe70509e947,sim_user_0215,Simulated User 0215,542.02,20,14,0.7,5,13,13,0.0092,0.024,2.6,0.0769,0.1538,2,0.0,human
f3a93609-db43-4b4c-90ad-9745f1bf651d,sim_user_0216,Simulated User 0216,508.02,14,15,1.0714,3,1,1,0.0059,0.002,0.3333,0.0,0.0,1,0.0,human
dce1f456-2afa-4f7e-81ca-3e1ac6139553,sim_user_0217,Simulated User 0217,955.02,15,11,0.7333,4,3,3,0.0042,0.0031,0.75,0.3333,0.6667,1,0.0,human
98b6f3c2-e34d-48b2-ae2a-fc2e66ed15b7,sim_user_0218,Simulated User 0218,1391.02,15,9,0.6,5,3,3,0.0036,0.0022,0.6,0.0,0.0,2,0.0,human
0fb791e7-276b-4399-8153-7392ea2698a8,sim_user_0219,Simulated User 0219,731.02,19,7,0.3684,1,10,10,0.0014,0.0137,10.0,0.0,0.0,1,0.0,human
a5ba678e-8153-4c55-b779-f6445912b2e8,sim_user_0220,Simulated User 0220,491.02,13,11,0.8462,3,2,2,0.0061,0.0041,0.6667,0.0,0.0,1,0.0,human
8b727ac0-fb47-40f1-9e67-e3eb7fd3716d,sim_user_0221,Simulated User 0221,695.02,16,11,0.6875,3,13,13,0.0043,0.0187,4.3333,0.3077,0.5385,2,0.0,human
1d94a4a8-bc6b-4e52-8551-2d237e54397a,sim_user_0222,Simulated User 0222,1355.02,13,10,0.7692,3,5,5,0.0022,0.0037,1.6667,0.2,0.4,1,0.0,human
e053cd74-186b-49b4-ae23-8f0fe83a22c8,sim_user_0223,Simulated User 0223,1299.02,20,5,0.25,2,15,15,0.0015,0.0115,7.5,0.2,0.4,1,0.0,human
01dabf56-41a6-4284-af93-58dbdec400c1,sim_user_0224,Simulated User 0224,925.02,10,14,1.4,7,13,13,0.0076,0.0141,1.8571,0.0769,0.1538,1,0.0,human
e8802254-7e54-49a1-ba57-f1952b3b0f19,sim_user_0225,Simulated User 0225,1261.02,20,12,0.6,8,6,6,0.0063,0.0048,0.75,0.0,0.0,1,0.0,human
df926a42-47be-43c3-b503-02661a6a35c8,sim_user_0226,Simulated User 0226,1376.02,14,4,0.2857,1,5,5,0.0007,0.0036,5.0,0.0,0.0,1,0.0,human
7bf473d4-ff68-48cb-8266-994e5153cdb6,sim_user_0227,Simulated User 0227,1485.02,17,8,0.4706,2,3,3,0.0013,0.002,1.5,0.0,0.0,1,0.0,human
1b0ee1a5-1ff5-41b6-a42f-7d14ca6f8c89,sim_user_0228,Simulated User 0228,1275.02,20,4,0.2,1,14,14,0.0008,0.011,14.0,0.0714,0.1429,1,0.0,human
a1366116-f7be-453d-aca8-b11721b7c3d9,sim_user_0229,Simulated User 0229,1400.02,17,7,0.4118,6,4,4,0.0043,0.0029,0.6667,0.25,0.5,1,0.0,human
33a67b72-f0af-4f2b-ab82-732a02952e02,sim_user_0230,Simulated User 0230,210.02,12,3,0.25,0,2,2,0.0,0.0095,2.0,0.0,0.0,1,0.0,human
79ba7b6b-7966-450b-8278-8924bccda527,sim_user_0231,Simulated User 0231,666.02,17,8,0.4706,0,13,13,0.0,0.0195,13.0,0.3846,0.6923,1,0.0,human
d5a90902-1ca8-4c81-8fdc-1baeece926a0,sim_user_0232,Simulated User 0232,1401.02,14,9,0.6429,1,15,14,0.0007,0.0107,15.0,0.1333,0.2667,1,0.0,human
f35de865-1a17-4521-9015-d300391ab20e,sim_user_0233,Simulated User 0233,1121.02,14,15,1.0714,0,3,3,0.0,0.0027,3.0,0.0,0.0,1,0.0,human
05d46f85-36ef-4c3b-9525-1a3510ea4aa4,sim_user_0234,Simulated User 0234,1343.02,15,6,0.4,5,3,3,0.0037,0.0022,0.6,0.3333,0.6667,1,0.0,human
744239c4-dc0c-44ac-be4c-ee1412300ab0,sim_user_0235,Simulated User 0235,1384.02,14,6,0.4286,8,12,12,0.0058,0.0087,1.5,0.1667,0.3333,1,0.0,human
1eb871b4-97ef-4ee3-8a8a-d30e590001b7,sim_user_0236,Simulated User 0236,984.02,15,12,0.8,8,11,11,0.0081,0.0112,1.375,0.1818,0.3636,1,0.0,human
e61d693b-7f7f-4931-88db-a56b61b26e7a,sim_user_0237,Simulated User 0237,893.02,19,11,0.5789,2,13,13,0.0022,0.0146,6.5,0.0769,0.1538,1,0.0,human
cc5ba2d0-9dfe-44c8-83c6-6c130d44fb16,sim_user_0238,Simulated User 0238,1267.02,18,3,0.1667,1,15,15,0.0008,0.0118,15.0,0.0667,0.1333,1,0.0,human
b75ee141-777d-4137-b163-fa4d7adb28de,sim_user_0239,Simulated User 0239,456.02,14,11,0.7857,8,6,6,0.0175,0.0132,0.75,0.3333,0.5,1,0.0,human
ec376744-0cdb-4b7b-9fef-04d468272e91,sim_user_0240,Simulated User 0240,1278.02,16,6,0.375,4,14,14,0.0031,0.011,3.5,0.1429,0.2857,1,0.0,human
399df460-fe12-40c9-91e3-2f8019710b9e,sim_user_0241,Simulated User 0241,235.02,21,10,0.4762,1,4,4,0.0043,0.017,4.0,0.0,0.0,1,0.0,human
0f46f7ea-9b84-460d-a047-9a9adb159b93,sim_user_0242,Simulated User 0242,245.02,18,6,0.3333,0,5,5,0.0,0.0204,5.0,0.0,0.0,1,0.0,human
549d95f4-ac70-442c-b3cf-e8330b9c255a,sim_user_0243,Simulated User 0243,1181.02,17,8,0.4706,5,15,15,0.0042,0.0127,3.0,0.0667,0.1333,1,0.0,human
507d4039-ca3e-4212-9341-5f632a9d4826,sim_user_0244,Simulated User 0244,347.02,19,10,0.5263,7,0,0,0.0202,0.0,0.0,0.0,0.0,0,0.0,human
8e743355-b05f-4b34-8830-c3ad3c7846bc,sim_user_0245,Simulated User 0245,836.02,17,5,0.2941,5,5,5,0.006,0.006,1.0,0.0,0.0,1,0.0,human
ee1321df-8900-40d9-b9c4-ddf568eb3981,sim_user_0246,Simulated User 0246,759.02,17,5,0.2941,0,6,6,0.0,0.0079,6.0,0.0,0.0,1,0.0,human
476449ea-e647-42ab-827c-5222e1746f12,sim_user_0247,Simulated User 0247,749.02,23,6,0.2609,8,9,9,0.0107,0.012,1.125,0.0,0.0,1,0.0,human
80bb080c-56be-46ee-80dd-bb40ead24f24,sim_user_0248,Simulated User 0248,1278.02,18,9,0.5,1,15,15,0.0008,0.0117,15.0,0.2,0.4,1,0.0,human
a88cc8e6-87d1-46e1-80e9-088514a6cb1c,sim_user_0249,Simulated User 0249,1369.02,20,14,0.7,2,1,1,0.0015,0.0007,0.5,0.0,0.0,1,0.0,human
cd05c2f1-1e4a-4814-a725-63e0344cabc2,sim_user_0250,Simulated User 0250,1010.02,14,7,0.5,4,15,15,0.004,0.0149,3.75,0.4,0.7333,1,0.0,human
b57a8f03-730c-43e7-9d72-c7763ce8fc2a,sim_user_0251,Simulated User 0251,1001.02,19,13,0.6842,2,6,6,0.002,0.006,3.0,0.0,0.0,1,0.0,human
55f950f3-ca4e-4d05-8765-b0b4dac965f1,sim_user_0252,Simulated User 0252,802.02,21,8,0.381,3,14,14,0.0037,0.0175,4.6667,0.2857,0.5714,1,0.0,human
f6445079-32a4-4c72-8951-732e11a868ff,sim_user_0253,Simulated User 0253,1219.02,10,12,1.2,6,5,5,0.0049,0.0041,0.8333,0.0,0.0,1,0.0,human
db357e17-dfab-43e7-960c-cd5f984f8050,sim_user_0254,Simulated User 0254,1378.02,17,14,0.8235,8,8,8,0.0058,0.0058,1.0,0.125,0.25,1,0.0,human
d4c224c5-c923-4b57-8ccc-9e56dcc87d30,sim_user_0255,Simulated User 0255,436.02,9,7,0.7778,2,11,11,0.0046,0.0252,5.5,0.1818,0.3636,1,0.0,human
0e37a137-b1d3-461b-9231-8226bef6f99b,sim_user_0256,Simulated User 0256,346.02,19,4,0.2105,3,10,10,0.0087,0.0289,3.3333,0.1,0.2,1,0.0,human
8a29f1c0-5e6a-405f-871f-d3f767d9dc41,sim_user_0257,Simulated User 0257,693.02,18,9,0.5,8,2,2,0.0115,0.0029,0.25,0.0,0.0,1,0.0,human
b585a12a-fc64-44f4-9a49-fa22846b79a5,sim_user_0258,Simulated User 0258,1191.02,20,14,0.7,8,4,4,0.0067,0.0034,0.5,0.25,0.5,1,0.0,human
dd43b64f-2dc3-4143-864b-63fd3e893052,sim_user_0259,Simulated User 0259,1209.02,13,5,0.3846,5,5,5,0.0041,0.0041,1.0,0.2,0.4,1,0.0,human
7bba33ed-578c-40a6-8ab6-5f43ea6fd9fa,sim_user_0260,Simulated User 0260,683.02,12,10,0.8333,6,1,1,0.0088,0.0015,0.1667,0.0,0.0,1,0.0,human
71fac2d9-6631-402a-b9e7-50f1f82a2ffa,sim_user_0261,Simulated User 0261,1300.02,21,7,0.3333,3,15,15,0.0023,0.0115,5.0,0.2667,0.5333,1,0.0,human
26d8ab65-b275-4752-b758-02f84ec46fff,sim_user_0262,Simulated User 0262,288.02,15,7,0.4667,2,9,9,0.0069,0.0312,4.5,0.1111,0.2222,1,0.0,human
703a0b8e-9e59-499b-9244-736d1a249dff,sim_user_0263,Simulated User 0263,1122.02,14,12,0.8571,7,2,2,0.0062,0.0018,0.2857,0.0,0.0,1,0.0,human
4fb457a6-5bd7-4dda-a249-1ee0e2d1d749,sim_user_0264,Simulated User 0264,754.02,15,10,0.6667,5,15,15,0.0066,0.0199,3.0,0.0667,0.1333,1,0.0,human
e749da7c-84da-463a-8d2a-a244c3b06764,sim_user_0265,Simulated User 0265,789.02,17,11,0.6471,0,8,8,0.0,0.0101,8.0,0.375,0.75,1,0.0,human
dcd4365a-1a61-4575-97a8-b3aae642cb0e,sim_user_0266,Simulated User 0266,257.02,11,11,1.0,8,0,0,0.0311,0.0,0.0,0.0,0.0,0,0.0,human
eec1de44-7fef-4cfb-8bb9-c0335a278cc4,sim_user_0267,Simulated User 0267,974.02,11,9,0.8182,2,1,1,0.0021,0.001,0.5,0.0,0.0,1,0.0,human
b6d3224b-3dbc-4e7d-8379-70c4345bb00f,sim_user_0268,Simulated User 0268,1361.02,18,7,0.3889,8,15,15,0.0059,0.011,1.875,0.2,0.3333,1,0.0,human
e11deb0e-ae8d-4926-8049-02e1449769b2,sim_user_0269,Simulated User 0269,1231.02,20,15,0.75,5,13,13,0.0041,0.0106,2.6,0.1538,0.3077,1,0.0,human
39de4252-cd32-4e70-9791-5a06aac65167,sim_user_0270,Simulated User 0270,760.02,18,9,0.5,5,14,14,0.0066,0.0184,2.8,0.2143,0.4286,1,0.0,human
6fc8ee2c-9ee8-4a1f-a788-8bbe2fa17040,sim_user_0271,Simulated User 0271,1080.02,17,6,0.3529,4,5,5,0.0037,0.0046,1.25,0.0,0.0,1,0.0,human
2f50dbac-6faf-45ea-be1a-1c9e18e49410,sim_user_0272,Simulated User 0272,513.02,15,10,0.6667,0,6,6,0.0,0.0117,6.0,0.1667,0.3333,1,0.0,human
ae24a593-356a-4a6d-ba28-1d03e28d0ccd,sim_user_0273,Simulated User 0273,394.02,23,14,0.6087,3,7,7,0.0076,0.0178,2.3333,0.1429,0.2857,1,0.0,human
4a38c85c-c988-46b7-b3e3-3283b36678d3,sim_user_0274,Simulated User 0274,707.02,13,3,0.2308,0,4,4,0.0,0.0057,4.0,0.0,0.0,1,0.0,human
0cbe6769-19bd-43b4-90fb-5ec3cb0ba29c,sim_user_0275,Simulated User 0275,1109.02,17,15,0.8824,5,3,3,0.0045,0.0027,0.6,0.0,0.0,1,0.0,human
1283050d-fcc7-49b2-a412-25e8ca848872,sim_user_0276,Simulated User 0276,1009.02,25,10,0.4,7,8,8,0.0069,0.0079,1.1429,0.0,0.0,1,0.0,human
135bb6e8-6ea4-41b1-82f7-a6a06c5f7619,sim_user_0277,Simulated User 0277,441.02,19,14,0.7368,5,5,5,0.0113,0.0113,1.0,0.2,0.4,1,0.0,human
e8ac7e8e-ceae-4557-9cf8-45dd5726a838,sim_user_0278,Simulated User 0278,369.02,12,12,1.0,8,4,4,0.0217,0.0108,0.5,0.0,0.0,1,0.0,human
1bd5250c-0478-4676-8dda-4f39c649632c,sim_user_0279,Simulated User 0279,199.02,14,15,1.0714,2,0,0,0.01,0.0,0.0,0.0,0.0,0,0.0,human
c8922b9b-0536-49f8-ae5f-443838677d99,sim_user_0280,Simulated User 0280,658.02,12,14,1.1667,2,11,11,0.003,0.0167,5.5,0.0909,0.1818,1,0.0,human
874042b2-532f-44cd-9d07-5801a909f1a1,sim_user_0281,Simulated User 0281,1273.02,22,10,0.4545,0,7,7,0.0,0.0055,7.0,0.0,0.0,1,0.0,human
3f5dde6a-b1ef-44c5-b1c2-d104fcf2f826,sim_user_0282,Simulated User 0282,511.02,17,4,0.2353,2,0,0,0.0039,0.0,0.0,0.0,0.0,0,0.0,human
55f42b01-94e6-49ae-a0ef-67bdbdf13cc8,sim_user_0283,Simulated User 0283,295.02,13,11,0.8462,4,1,1,0.0136,0.0034,0.25,0.0,0.0,1,0.0,human
3e237150-94cc-415a-82fe-30fa341b5c20,sim_user_0284,Simulated User 0284,712.02,8,5,0.625,0,14,14,0.0,0.0197,14.0,0.0,0.0,1,0.0,human
c6e270fe-e34a-4c66-91d7-83088337ebd1,sim_user_0285,Simulated User 0285,1082.02,11,14,1.2727,0,9,9,0.0,0.0083,9.0,0.1111,0.2222,1,0.0,human
040b4550-d0e0-46a0-8c10-76388aa1334e,sim_user_0286,Simulated User 0286,1187.02,12,3,0.25,1,12,12,0.0008,0.0101,12.0,0.0833,0.1667,1,0.0,human
b0421bcc-93ac-4426-84a4-4f3d4ced455b,sim_user_0287,Simulated User 0287,241.02,20,9,0.45,3,12,12,0.0124,0.0498,4.0,0.0833,0.1667,1,0.0,human
4d6bf892-ddb2-46c0-a58e-386c064ab0d9,sim_user_0288,Simulated User 0288,1269.02,16,15,0.9375,0,3,3,0.0,0.0024,3.0,0.0,0.0,1,0.0,human
4ae2dd18-312b-4dcb-9507-36356661c386,sim_user_0289,Simulated User 0289,799.02,14,9,0.6429,2,6,6,0.0025,0.0075,3.0,0.0,0.0,1,0.0,human
58020049-c5bf-48ef-bd35-bd5a2330f764,sim_user_0290,Simulated User 0290,958.02,17,8,0.4706,1,4,4,0.001,0.0042,4.0,0.0,0.0,2,0.0,human
8536e627-c784-4677-b52b-31663cf977f5,sim_user_0291,Simulated User 0291,320.02,18,9,0.5,7,12,12,0.0219,0.0375,1.7143,0.0833,0.1667,1,0.0,human
99817d06-2804-4b56-943a-691cd9b7ddf3,sim_user_0292,Simulated User 0292,924.02,16,5,0.3125,3,12,12,0.0032,0.013,4.0,0.25,0.3333,1,0.0,human
c8c5b465-a8b1-48b4-9d5d-06a8c8bfe972,sim_user_0293,Simulated User 0293,254.02,23,9,0.3913,5,11,11,0.0197,0.0433,2.2,0.1818,0.3636,1,0.0,human
9aa42ed0-e051-4776-b5e0-de3e1ce88622,sim_user_0294,Simulated User 0294,1065.02,23,10,0.4348,3,12,12,0.0028,0.0113,4.0,0.0833,0.1667,1,0.0,human
5d7d3c1e-17f2-4cae-a1b3-4cb5c8bea3ae,sim_user_0295,Simulated User 0295,572.02,15,11,0.7333,5,15,15,0.0087,0.0262,3.0,0.1333,0.2667,1,0.0,human
d48890f6-37be-4c6d-ae70-c173bd82ab4a,sim_user_0296,Simulated User 0296,323.02,13,14,1.0769,8,0,0,0.0248,0.0,0.0,0.0,0.0,0,0.0,human
51a20da9-7d45-48cf-b26e-881acc93a103,sim_user_0297,Simulated User 0297,1407.02,19,3,0.1579,5,10,10,0.0036,0.0071,2.0,0.0,0.0,2,0.0,human
18201d4a-d327-4a1f-bdb8-38002dacfbca,sim_user_0298,Simulated User 0298,1451.02,8,12,1.5,7,4,4,0.0048,0.0028,0.5714,0.0,0.0,1,0.0,human
678614a6-60dc-4672-a529-4b750b2fce0a,sim_user_0299,Simulated User 0299,297.02,20,10,0.5,7,8,8,0.0236,0.0269,1.1429,0.0,0.0,1,0.0,human
d4b8e6f6-bf94-4761-b2af-edcb841ddf9b,sim_user_0300,Simulated User 0300,1117.02,15,14,0.9333,2,15,15,0.0018,0.0134,7.5,0.0,0.0,1,0.0,human
5f85ef38-123a-4ea6-b525-fa95addc0955,sim_user_0301,Simulated User 0301,1002.02,17,3,0.1765,4,7,7,0.004,0.007,1.75,0.1429,0.2857,1,0.0,human
1deafdd2-6568-419f-9580-b9cc31f9f33a,sim_user_0302,Simulated User 0302,879.02,14,6,0.4286,0,8,8,0.0,0.0091,8.0,0.125,0.25,1,0.0,human
6355f7a9-20aa-40a4-9a71-d3c327928156,sim_user_0303,Simulated User 0303,222.02,22,4,0.1818,1,4,4,0.0045,0.018,4.0,0.0,0.0,1,0.0,human
72a5e5a1-4f7c-4feb-941b-51490b88343b,sim_user_0304,Simulated User 0304,1144.02,29,6,0.2069,0,1,1,0.0,0.0009,1.0,0.0,0.0,1,0.0,human
b6c9314d-8109-461f-82f4-a9a928304164,sim_user_0305,Simulated User 0305,719.02,25,9,0.36,6,3,3,0.0083,0.0042,0.5,0.0,0.0,1,0.0,human
c56e5729-b18c-4f80-90df-542dbed093a7,sim_user_0306,Simulated User 0306,898.02,11,7,0.6364,7,9,9,0.0078,0.01,1.2857,0.1111,0.2222,1,0.0,human
77a6b621-d2a6-455e-a694-acffb217de34,sim_user_0307,Simulated User 0307,816.02,12,11,0.9167,4,4,4,0.0049,0.0049,1.0,0.0,0.0,1,0.0,human
cb48c96a-bd67-4964-9636-1dd6e4799f76,sim_user_0308,Simulated User 0308,1252.02,11,12,1.0909,1,2,2,0.0008,0.0016,2.0,0.0,0.0,1,0.0,human
58467cd3-0957-4ddf-b53f-7ce9d15305fa,sim_user_0309,Simulated User 0309,647.02,25,5,0.2,8,13,13,0.0124,0.0201,1.625,0.1538,0.3077,1,0.0,human
e62db587-4578-4c48-9359-adfc69814414,sim_user_0310,Simulated User 0310,367.02,19,3,0.1579,7,11,11,0.0191,0.03,1.5714,0.0909,0.1818,1,0.0,human
6444dde8-2d9b-4013-ba09-cdbdfa8f0f6f,sim_user_0311,Simulated User 0311,904.02,22,13,0.5909,6,0,0,0.0066,0.0,0.0,0.0,0.0,0,0.0,human
37d4ad7c-947c-419b-a0a5-bddd990148be,sim_user_0312,Simulated User 0312,1079.02,16,8,0.5,5,12,12,0.0046,0.0111,2.4,0.1667,0.3333,1,0.0,human
92042d2a-d160-4801-afdc-28715d314ba5,sim_user_0313,Simulated User 0313,188.02,21,5,0.2381,6,6,6,0.0319,0.0319,1.0,0.0,0.0,1,0.0,human
0b28877a-9680-4f9a-a8d2-069a241a9d9e,sim_user_0314,Simulated User 0314,1449.02,16,9,0.5625,4,14,14,0.0028,0.0097,3.5,0.1429,0.2857,1,0.0,human
190f799f-9a34-46b9-bf85-a6f1f89418c7,sim_user_0315,Simulated User 0315,369.02,19,10,0.5263,3,15,15,0.0081,0.0406,5.0,0.2,0.3333,1,0.0,human
1b67e345-e0eb-40d7-bbcd-c17c4d858e22,sim_user_0316,Simulated User 0316,681.02,20,5,0.25,0,8,8,0.0,0.0117,8.0,0.375,0.75,1,0.0,human
e6d872a5-f265-4d00-be01-e2deb583cd6f,sim_user_0317,Simulated User 0317,195.02,22,14,0.6364,6,7,7,0.0308,0.0359,1.1667,0.0,0.0,1,0.0,human
444b40b3-1411-4b52-a451-2aea49c08a74,sim_user_0318,Simulated User 0318,548.02,21,11,0.5238,5,15,15,0.0091,0.0274,3.0,0.1333,0.2667,1,0.0,human
8d58fa3e-dc42-4c17-9634-e88f1e4deeb8,sim_user_0319,Simulated User 0319,691.02,18,12,0.6667,2,0,0,0.0029,0.0,0.0,0.0,0.0,0,0.0,human
56a43eb0-afe7-4710-8276-26e9efb4c45b,sim_user_0320,Simulated User 0320,857.02,24,4,0.1667,0,3,3,0.0,0.0035,3.0,0.0,0.0,1,0.0,human
11b217bf-3df0-43c3-9ead-98e2e541ea49,sim_user_0321,Simulated User 0321,463.02,21,6,0.2857,6,15,15,0.013,0.0324,2.5,0.2667,0.4667,1,0.0,human
6b372166-1f28-4e60-8498-cf4e64fdb7e7,sim_user_0322,Simulated User 0322,1422.02,12,14,1.1667,5,5,5,0.0035,0.0035,1.0,0.0,0.0,1,0.0,human
83b039c9-1a3a-4263-a004-58c458cce9d8,sim_user_0323,Simulated User 0323,1288.02,17,14,0.8235,0,3,3,0.0,0.0023,3.0,0.3333,0.6667,1,0.0,human
f446b522-b461-477c-ad09-ecb194c80831,sim_user_0324,Simulated User 0324,892.02,14,12,0.8571,5,8,8,0.0056,0.009,1.6,0.0,0.0,1,0.0,human
71c60b47-434b-471b-aef8-af46c01b0c90,sim_user_0325,Simulated User 0325,618.02,24,6,0.25,7,9,9,0.0113,0.0146,1.2857,0.0,0.0,1,0.0,human
f0c9bf6d-6074-4ba7-b8d7-309482d94d02,sim_user_0326,Simulated User 0326,995.02,14,11,0.7857,4,9,9,0.004,0.009,2.25,0.2222,0.4444,1,0.0,human
05906cf6-b4f5-43c4-a556-48f9d9b5f48e,sim_user_0327,Simulated User 0327,968.02,13,3,0.2308,3,9,9,0.0031,0.0093,3.0,0.0,0.0,1,0.0,human
73ecce5c-4824-4b81-b202-51ab34c6da09,sim_user_0328,Simulated User 0328,781.02,16,4,0.25,5,13,13,0.0064,0.0166,2.6,0.1538,0.3077,1,0.0,human
0e99571a-d6d2-489e-9f35-092ffe8520d3,sim_user_0329,Simulated User 0329,1206.02,19,7,0.3684,7,13,13,0.0058,0.0108,1.8571,0.2308,0.4615,1,0.0,human
fbcebab5-e031-45b6-93fe-a05f87312bf2,sim_user_0330,Simulated User 0330,418.02,21,8,0.381,0,11,11,0.0,0.0263,11.0,0.1818,0.3636,2,0.0,human
7f46ddf9-bf48-497f-96c2-b8876dcd496c,sim_user_0331,Simulated User 0331,1107.02,15,7,0.4667,4,2,2,0.0036,0.0018,0.5,0.0,0.0,1,0.0,human
bfe5cbd8-d987-4878-a400-c8587774a779,sim_user_0332,Simulated User 0332,972.02,17,10,0.5882,6,7,7,0.0062,0.0072,1.1667,0.1429,0.2857,1,0.0,human
021de61b-f557-40f4-8af5-e8cf107f0e4f,sim_user_0333,Simulated User 0333,795.02,14,14,1.0,4,8,8,0.005,0.0101,2.0,0.125,0.25,1,0.0,human
4e182e98-5e48-452d-a0cb-73128093d687,sim_user_0334,Simulated User 0334,478.02,26,5,0.1923,0,10,10,0.0,0.0209,10.0,0.0,0.0,1,0.0,human
decfcd78-10f7-4628-baf2-3591c43f0e0a,sim_user_0335,Simulated User 0335,1261.02,20,5,0.25,2,3,3,0.0016,0.0024,1.5,0.0,0.0,1,0.0,human
d913557f-85cb-409e-8ee5-c8e11c9fe8c1,sim_user_0336,Simulated User 0336,1330.02,17,5,0.2941,2,15,15,0.0015,0.0113,7.5,0.1333,0.2667,1,0.0,human
ce0e298b-102b-4052-b625-382418c26d10,sim_user_0337,Simulated User 0337,354.02,15,11,0.7333,3,7,7,0.0085,0.0198,2.3333,0.2857,0.5714,1,0.0,human
e49696b5-6683-4c20-a84a-22b5f663dfea,sim_user_0338,Simulated User 0338,1061.02,13,8,0.6154,2,7,7,0.0019,0.0066,3.5,0.0,0.0,1,0.0,human
395a3dca-8f6a-4fbd-ac07-83d7865c608d,sim_user_0339,Simulated User 0339,812.02,13,5,0.3846,1,10,10,0.0012,0.0123,10.0,0.0,0.0,1,0.0,human
0299cd96-67c7-4153-8e12-5210fbf8e447,sim_user_0340,Simulated User 0340,801.02,15,9,0.6,6,11,11,0.0075,0.0137,1.8333,0.0909,0.1818,1,0.0,human
be663329-670f-48aa-9e6b-5e4e2d1c1807,sim_user_0341,Simulated User 0341,566.02,19,7,0.3684,4,4,4,0.0071,0.0071,1.0,0.25,0.5,1,0.0,human
b294dc13-e4f5-4c12-bb3e-f644de1949a4,sim_user_0342,Simulated User 0342,1053.02,10,11,1.1,3,15,15,0.0028,0.0142,5.0,0.2,0.4,1,0.0,human
73c5baea-af81-48d8-a8ae-0a07946c8182,sim_user_0343,Simulated User 0343,272.02,17,12,0.7059,4,0,0,0.0147,0.0,0.0,0.0,0.0,0,0.0,human
059f420d-ec59-4ee5-af2e-aec6458491bd,sim_user_0344,Simulated User 0344,795.02,14,11,0.7857,5,10,10,0.0063,0.0126,2.0,0.2,0.4,1,0.0,human
1842ace5-cee6-4883-a8f9-7a7f38b06e96,sim_user_0345,Simulated User 0345,211.02,19,7,0.3684,2,10,10,0.0095,0.0474,5.0,0.0,0.0,1,0.0,human
8447eee9-a556-450a-8b5e-ac1f3367683f,sim_user_0346,Simulated User 0346,1055.02,16,15,0.9375,7,3,3,0.0066,0.0028,0.4286,0.0,0.0,1,0.0,human
ca7ab64a-f638-48b6-93de-85d0fc7a4cce,sim_user_0347,Simulated User 0347,817.02,20,4,0.2,6,12,12,0.0073,0.0147,2.0,0.1667,0.3333,1,0.0,human
f94e8c71-e5a4-4d5d-9728-fc48e1157d47,sim_user_0348,Simulated User 0348,1357.02,18,4,0.2222,6,0,0,0.0044,0.0,0.0,0.0,0.0,0,0.0,human
a98a9818-8844-4893-9ae4-be7fb58bdb5f,sim_user_0349,Simulated User 0349,806.02,16,6,0.375,7,10,10,0.0087,0.0124,1.4286,0.1,0.2,1,0.0,human
deb4ffed-945e-46e2-bf60-0e7661e20e02,sim_user_0350,Simulated User 0350,1272.02,10,14,1.4,6,9,9,0.0047,0.0071,1.5,0.2222,0.4444,1,0.0,human
0c057d64-05ff-44e8-a7fc-7beb91c9f960,sim_user_0351,Simulated User 0351,1367.02,21,9,0.4286,2,6,6,0.0015,0.0044,3.0,0.0,0.0,2,0.0,human
cce1630a-3ab8-40f8-b758-64be2562050d,sim_user_0352,Simulated User 0352,1151.02,18,7,0.3889,3,3,3,0.0026,0.0026,1.0,0.0,0.0,1,0.0,human
a548e58e-7103-4970-8317-2c6756d18336,sim_user_0353,Simulated User 0353,494.02,14,9,0.6429,5,3,3,0.0101,0.0061,0.6,0.0,0.0,1,0.0,human
a2b3940f-eeac-498e-8312-90d18b2f3604,sim_user_0354,Simulated User 0354,1247.02,16,7,0.4375,7,1,1,0.0056,0.0008,0.1429,0.0,0.0,1,0.0,human
d42b5e84-b811-4bd4-a051-ab9965659a78,sim_user_0355,Simulated User 0355,213.02,19,3,0.1579,3,1,1,0.0141,0.0047,0.3333,0.0,0.0,1,0.0,human
17bbd8d8-5db3-4137-90be-595963ae914c,sim_user_0356,Simulated User 0356,822.02,16,3,0.1875,2,3,3,0.0024,0.0036,1.5,0.0,0.0,1,0.0,human
1af6b54b-0f89-4494-a815-70c3fc235fc9,sim_user_0357,Simulated User 0357,235.02,13,11,0.8462,3,13,13,0.0128,0.0553,4.3333,0.2308,0.4615,1,0.0,human
dab1b928-0ab7-4f1a-91fc-87eec2126588,sim_user_0358,Simulated User 0358,868.02,18,7,0.3889,0,1,1,0.0,0.0012,1.0,0.0,0.0,1,0.0,human
306aafbb-037b-4d01-9387-b5b4af1014a3,sim_user_0359,Simulated User 0359,525.02,15,6,0.4,0,6,6,0.0,0.0114,6.0,0.0,0.0,1,0.0,human
b49e27ba-3023-4629-98aa-08f663977e32,sim_user_0360,Simulated User 0360,1267.02,11,13,1.1818,6,8,7,0.0047,0.0063,1.3333,0.125,0.25,1,0.0,human
167bf40d-0ff6-49b2-8b59-6ffc3a86df7d,sim_user_0361,Simulated User 0361,297.02,17,12,0.7059,0,14,14,0.0,0.0471,14.0,0.1429,0.2857,1,0.0,human
554451e9-d0ac-4b00-b328-7863a3682526,sim_user_0362,Simulated User 0362,976.02,24,4,0.1667,1,2,2,0.001,0.002,2.0,0.5,1.0,1,0.0,human
1a5a49ce-6d02-46b7-bb58-a504f7d37d57,sim_user_0363,Simulated User 0363,747.02,14,14,1.0,3,1,1,0.004,0.0013,0.3333,0.0,0.0,1,0.0,human
90cdfe8b-2d06-4a9c-aef9-0e287b1b13db,sim_user_0364,Simulated User 0364,503.02,15,10,0.6667,7,8,8,0.0139,0.0159,1.1429,0.25,0.5,1,0.0,human
517dfa06-27b2-420e-9b80-8cad9265e743,sim_user_0365,Simulated User 0365,1200.02,20,4,0.2,5,11,11,0.0042,0.0092,2.2,0.0909,0.1818,1,0.0,human
b719a9b4-6be4-4cb7-b5a0-e572f28f1b8b,sim_user_0366,Simulated User 0366,618.02,19,13,0.6842,8,5,5,0.0129,0.0081,0.625,0.0,0.0,1,0.0,human
b021544f-5289-42a5-b347-1161ec3e93f9,sim_user_0367,Simulated User 0367,950.02,16,4,0.25,2,9,9,0.0021,0.0095,4.5,0.1111,0.2222,1,0.0,human
f1712921-f872-43f7-8d54-6c26670a11fe,sim_user_0368,Simulated User 0368,1185.02,18,9,0.5,5,10,10,0.0042,0.0084,2.0,0.1,0.2,1,0.0,human
f9c90b68-7224-4299-9740-eb1fb869aa78,sim_user_0369,Simulated User 0369,324.02,20,14,0.7,4,0,0,0.0123,0.0,0.0,0.0,0.0,0,0.0,human
91076d08-3a27-44a8-b134-0de48c2fa944,sim_user_0370,Simulated User 0370,560.02,17,5,0.2941,2,0,0,0.0036,0.0,0.0,0.0,0.0,0,0.0,human
5a40fbb0-8ab6-4c08-a300-cc9a1a270785,sim_user_0371,Simulated User 0371,1407.02,10,14,1.4,5,4,4,0.0036,0.0028,0.8,0.25,0.5,1,0.0,human
d49d5424-a481-418f-881c-a24babd163bb,sim_user_0372,Simulated User 0372,1008.02,13,14,1.0769,5,13,12,0.005,0.0129,2.6,0.0769,0.1538,2,0.0,human
0ba19831-a2d8-4b7d-976b-322c1b7cffdb,sim_user_0373,Simulated User 0373,487.02,19,14,0.7368,0,2,2,0.0,0.0041,2.0,0.0,0.0,1,0.0,human
3a1e0925-5693-4a0e-934e-64e9d12f3f79,sim_user_0374,Simulated User 0374,956.02,21,3,0.1429,1,1,1,0.001,0.001,1.0,0.0,0.0,1,0.0,human
91c86141-861c-4e2b-99d0-f1232941f112,sim_user_0375,Simulated User 0375,230.02,15,9,0.6,3,4,4,0.013,0.0174,1.3333,0.0,0.0,1,0.0,human
8355733e-2b60-4944-8290-5b62ee4e4527,sim_user_0376,Simulated User 0376,1095.02,11,6,0.5455,4,8,8,0.0037,0.0073,2.0,0.25,0.375,1,0.0,human
a56ee948-11b4-4a8f-8264-0f4becf794f5,sim_user_0377,Simulated User 0377,740.02,13,12,0.9231,2,3,3,0.0027,0.0041,1.5,0.0,0.0,1,0.0,human
d52d0d14-203f-4a4f-bafa-be16a9fcb525,sim_user_0378,Simulated User 0378,1409.02,14,15,1.0714,2,8,7,0.0014,0.0057,4.0,0.0,0.0,1,0.0,human
a1d59d34-3bf5-4ae9-abbe-39d686c999ea,sim_user_0379,Simulated User 0379,1298.02,8,9,1.125,1,12,12,0.0008,0.0092,12.0,0.1667,0.3333,1,0.0,human
72b733c2-de3e-4c40-9dc8-0c89febd058c,sim_user_0380,Simulated User 0380,588.02,24,4,0.1667,4,15,15,0.0068,0.0255,3.75,0.1333,0.2667,1,0.0,human
1c3462fe-835a-4483-8df2-b96373fe0595,sim_user_0381,Simulated User 0381,1036.02,26,11,0.4231,3,11,11,0.0029,0.0106,3.6667,0.0909,0.1818,1,0.0,human
020f98c7-aa0f-4628-bb9c-fd2a281b1f24,sim_user_0382,Simulated User 0382,939.02,18,5,0.2778,6,4,4,0.0064,0.0043,0.6667,0.25,0.5,1,0.0,human
c636f2f5-510b-4cab-a7d3-47b41ac93950,sim_user_0383,Simulated User 0383,587.02,11,10,0.9091,5,6,6,0.0085,0.0102,1.2,0.0,0.0,1,0.0,human
34c26c02-1227-41cf-a774-33ea48488e09,sim_user_0384,Simulated User 0384,226.02,16,6,0.375,6,7,7,0.0265,0.031,1.1667,0.0,0.0,1,0.0,human
8dfedefd-8c38-4025-be8b-f809a15fee1c,sim_user_0385,Simulated User 0385,1328.02,17,6,0.3529,4,2,2,0.003,0.0015,0.5,0.0,0.0,1,0.0,human
e4bb2e10-5963-4faa-aee7-2f60649e48a6,sim_user_0386,Simulated User 0386,911.02,19,7,0.3684,4,7,7,0.0044,0.0077,1.75,0.0,0.0,1,0.0,human
a2a1d94a-c907-4aad-8cac-77abeb135433,sim_user_0387,Simulated User 0387,1489.02,17,6,0.3529,6,3,3,0.004,0.002,0.5,0.0,0.0,1,0.0,human
7303c18e-cdd9-4f61-831c-056a47727f87,sim_user_0388,Simulated User 0388,499.02,8,12,1.5,4,0,0,0.008,0.0,0.0,0.0,0.0,0,0.0,human
dabd4119-40e8-4de6-8365-deb7c9e65c8b,sim_user_0389,Simulated User 0389,912.02,21,10,0.4762,3,8,8,0.0033,0.0088,2.6667,0.125,0.25,1,0.0,human
032bb906-6131-4d5a-8b22-60fae6916909,sim_user_0390,Simulated User 0390,726.02,13,11,0.8462,0,4,4,0.0,0.0055,4.0,0.0,0.0,1,0.0,human
2ce7ceeb-3344-4caf-ac71-c35b4baedb7d,sim_user_0391,Simulated User 0391,413.02,17,9,0.5294,5,7,7,0.0121,0.0169,1.4,0.1429,0.2857,1,0.0,human
c65389f0-a335-43e3-8d43-d99e6df34b10,sim_user_0392,Simulated User 0392,304.02,19,8,0.4211,7,5,5,0.023,0.0164,0.7143,0.2,0.4,1,0.0,human
e3101143-dc6f-4b8b-92d9-2a0c615bc1d4,sim_user_0393,Simulated User 0393,1162.02,12,3,0.25,3,7,7,0.0026,0.006,2.3333,0.1429,0.2857,1,0.0,human
94625276-1eb3-4914-b9ca-c3b0e5bed100,sim_user_0394,Simulated User 0394,700.02,19,13,0.6842,6,4,4,0.0086,0.0057,0.6667,0.0,0.0,1,0.0,human
0ae37017-1e5d-432b-9549-e0f137603eea,sim_user_0395,Simulated User 0395,965.02,17,13,0.7647,0,9,9,0.0,0.0093,9.0,0.0,0.0,1,0.0,human
0e4c2aa2-bcc2-486e-835c-57dfbce8ff03,sim_user_0396,Simulated User 0396,1283.02,19,12,0.6316,4,2,2,0.0031,0.0016,0.5,0.0,0.0,1,0.0,human
695a3740-db0d-4c6c-8dda-a08213097590,sim_user_0397,Simulated User 0397,463.02,17,15,0.8824,8,2,2,0.0173,0.0043,0.25,0.0,0.0,1,0.0,human
54e27953-f678-4117-95ba-2f08fcec02a1,sim_user_0398,Simulated User 0398,1092.02,19,6,0.3158,4,2,2,0.0037,0.0018,0.5,0.0,0.0,1,0.0,human
52ec74b6-b4d5-4ee9-a181-fbe8979ac688,sim_user_0399,Simulated User 0399,1252.02,24,15,0.625,0,1,1,0.0,0.0008,1.0,0.0,0.0,1,0.0,human
95fc3ddd-f300-441b-9b89-0cf5185e5889,sim_user_0400,Simulated User 0400,771.02,16,7,0.4375,3,1,1,0.0039,0.0013,0.3333,0.0,0.0,1,0.0,human
68698e8d-1402-454f-aced-59cab06ed52a,sim_user_0401,Simulated User 0401,548.02,14,5,0.3571,7,13,13,0.0128,0.0237,1.8571,0.1538,0.3077,2,0.0,human
54478be6-3ade-4734-ba84-b8ba68d58e72,sim_user_0402,Simulated User 0402,734.02,12,13,1.0833,2,15,14,0.0027,0.0204,7.5,0.2667,0.4667,1,0.0,human
a11cce9e-1781-4db7-a242-f14844b02aaa,sim_user_0403,Simulated User 0403,1150.02,20,14,0.7,6,15,15,0.0052,0.013,2.5,0.1333,0.2667,1,0.0,human
788e937f-9d07-45bb-a344-9e9f7a0a9388,sim_user_0404,Simulated User 0404,874.02,10,14,1.4,6,8,8,0.0069,0.0092,1.3333,0.25,0.5,1,0.0,human
3040d343-89ea-469c-afcc-74f7895f8c09,sim_user_0405,Simulated User 0405,490.02,22,14,0.6364,7,6,6,0.0143,0.0122,0.8571,0.1667,0.3333,1,0.0,human
0681a602-31d6-4bcd-ab84-252532219197,sim_user_0406,Simulated User 0406,1289.02,17,9,0.5294,1,2,2,0.0008,0.0016,2.0,0.0,0.0,1,0.0,human
3cd59883-4091-4a75-9912-ad3622cbfbd2,sim_user_0407,Simulated User 0407,1098.02,20,15,0.75,1,3,3,0.0009,0.0027,3.0,0.3333,0.6667,1,0.0,human
52e5c57b-a324-475b-85ee-f34608ec2eff,sim_user_0408,Simulated User 0408,716.02,11,12,1.0909,7,10,10,0.0098,0.014,1.4286,0.0,0.0,1,0.0,human
ff791291-e971-4046-b43c-c455705aff03,sim_user_0409,Simulated User 0409,934.02,16,13,0.8125,3,10,10,0.0032,0.0107,3.3333,0.1,0.2,1,0.0,human
70992124-fd19-414e-835e-fad131cb8a13,sim_user_0410,Simulated User 0410,583.02,14,5,0.3571,8,12,12,0.0137,0.0206,1.5,0.0833,0.1667,1,0.0,human
75046e31-dce3-4a66-a568-03d6e2ecf4c7,sim_user_0411,Simulated User 0411,534.02,18,4,0.2222,0,6,6,0.0,0.0112,6.0,0.0,0.0,1,0.0,human
e1a41f80-9304-4b62-83ff-d3cbabba6bc8,sim_user_0412,Simulated User 0412,1390.02,16,3,0.1875,5,14,14,0.0036,0.0101,2.8,0.1429,0.2857,1,0.0,human
59273c78-86b9-43e4-811b-d2abd9899165,sim_user_0413,Simulated User 0413,1082.02,24,5,0.2083,7,2,2,0.0065,0.0018,0.2857,0.0,0.0,1,0.0,human
b566a42a-a5e0-4fea-aa8b-f8ad8003c905,sim_user_0414,Simulated User 0414,1135.02,24,4,0.1667,0,4,4,0.0,0.0035,4.0,0.0,0.0,1,0.0,human
304d2e81-04e1-4b85-9093-af9730056fc1,sim_user_0415,Simulated User 0415,906.02,10,6,0.6,2,7,7,0.0022,0.0077,3.5,0.1429,0.2857,1,0.0,human
bb92c0aa-1485-415a-bdda-42b854750dae,sim_user_0416,Simulated User 0416,1187.02,14,10,0.7143,3,12,12,0.0025,0.0101,4.0,0.1667,0.25,1,0.0,human
2ba568dd-cea6-4a4d-9098-3f33b27b612d,sim_user_0417,Simulated User 0417,1047.02,12,3,0.25,4,0,0,0.0038,0.0,0.0,0.0,0.0,0,0.0,human
e2005536-eaa2-4b78-97f9-a2e43ba081f6,sim_user_0418,Simulated User 0418,1395.02,18,11,0.6111,2,5,5,0.0014,0.0036,2.5,0.2,0.4,1,0.0,human
b15f0bcc-d89f-49b0-b2b6-d4f54038ceb7,sim_user_0419,Simulated User 0419,963.02,18,3,0.1667,2,15,15,0.0021,0.0156,7.5,0.1333,0.2,1,0.0,human
fdd04ac8-e892-4545-a23b-bdc9aa7daefa,sim_user_0420,Simulated User 0420,400.02,17,9,0.5294,4,1,1,0.01,0.0025,0.25,0.0,0.0,1,0.0,human
64102d37-fc02-4a24-b0d0-550a810587da,sim_user_0421,Simulated User 0421,855.02,17,8,0.4706,4,5,5,0.0047,0.0058,1.25,0.0,0.0,1,0.0,human
e43222a4-f4fb-4512-aa0c-17cedd51c9bb,sim_user_0422,Simulated User 0422,898.02,19,15,0.7895,1,12,12,0.0011,0.0134,12.0,0.25,0.4167,1,0.0,human
69df3d93-fabf-4bc2-a288-c5929e406161,sim_user_0423,Simulated User 0423,631.02,12,15,1.25,2,0,0,0.0032,0.0,0.0,0.0,0.0,0,0.0,human
52ffd1af-945f-4b14-8267-e067182e9542,sim_user_0424,Simulated User 0424,942.02,19,15,0.7895,8,7,7,0.0085,0.0074,0.875,0.1429,0.2857,1,0.0,human
5966355f-3f65-4df0-94a3-8ded03f35ed4,sim_user_0425,Simulated User 0425,325.02,18,11,0.6111,5,7,7,0.0154,0.0215,1.4,0.1429,0.2857,1,0.0,human
ec533443-8319-4923-b78a-edcaea1d95b0,sim_user_0426,Simulated User 0426,345.02,19,14,0.7368,2,4,4,0.0058,0.0116,2.0,0.0,0.0,2,0.0,human
e7639d3b-0e54-4936-8889-c112e0eb00f3,sim_user_0427,Simulated User 0427,465.02,17,6,0.3529,2,4,4,0.0043,0.0086,2.0,0.0,0.0,1,0.0,human
5a263616-d4d3-41e1-8c23-e5a2039eaba3,sim_user_0428,Simulated User 0428,966.02,14,5,0.3571,6,13,13,0.0062,0.0135,2.1667,0.2308,0.4615,1,0.0,human
c50d07e8-96a3-4a13-a539-30334ddf456a,sim_user_0429,Simulated User 0429,1457.02,17,9,0.5294,0,5,5,0.0,0.0034,5.0,0.0,0.0,1,0.0,human
5fcca478-1bc9-4351-a2bd-5e1bb4101c38,sim_user_0430,Simulated User 0430,1374.02,16,6,0.375,1,6,6,0.0007,0.0044,6.0,0.1667,0.3333,1,0.0,human
ad5f133a-d95d-4cb0-8462-1c0573011761,sim_user_0431,Simulated User 0431,850.02,24,4,0.1667,7,14,14,0.0082,0.0165,2.0,0.0714,0.1429,1,0.0,human
8c7eb994-e0ba-412c-975e-b4a21b607370,sim_user_0432,Simulated User 0432,597.02,17,6,0.3529,8,6,6,0.0134,0.01,0.75,0.1667,0.3333,1,0.0,human
4d4914eb-37f3-4065-839e-01f7c9c40432,sim_user_0433,Simulated User 0433,1463.02,17,13,0.7647,8,4,4,0.0055,0.0027,0.5,0.0,0.0,1,0.0,human
d53567c6-faab-45fc-b216-9f0d710da98a,sim_user_0434,Simulated User 0434,298.02,19,5,0.2632,4,0,0,0.0134,0.0,0.0,0.0,0.0,0,0.0,human
0210be7e-6429-4a75-9ba6-a754103f295a,sim_user_0435,Simulated User 0435,930.02,23,11,0.4783,6,3,3,0.0065,0.0032,0.5,0.3333,0.6667,1,0.0,human
a02849b7-2792-4efa-8592-6f92e9334b79,sim_user_0436,Simulated User 0436,1362.02,16,5,0.3125,7,5,5,0.0051,0.0037,0.7143,0.0,0.0,1,0.0,human
307f89e3-e0aa-4105-bc26-732e65f89603,sim_user_0437,Simulated User 0437,445.02,17,13,0.7647,8,2,2,0.018,0.0045,0.25,0.0,0.0,1,0.0,human
392e04b9-0bbc-4081-8e24-93c757077d6c,sim_user_0438,Simulated User 0438,1199.02,11,4,0.3636,1,0,0,0.0008,0.0,0.0,0.0,0.0,0,0.0,human
75b339ee-ecab-4bb1-8987-6bd9be92377c,sim_user_0439,Simulated User 0439,966.02,15,14,0.9333,7,7,7,0.0072,0.0072,1.0,0.1429,0.2857,1,0.0,human
637eac1e-f2f7-4248-90d2-d4cc6a42751c,sim_user_0440,Simulated User 0440,683.02,14,9,0.6429,0,10,10,0.0,0.0146,10.0,0.1,0.2,1,0.0,human
24ec5374-383e-440c-9e63-b4b69ea41ff9,sim_user_0441,Simulated User 0441,1294.02,15,14,0.9333,4,6,6,0.0031,0.0046,1.5,0.0,0.0,2,0.0,human
2fe2a45c-ea8e-4caa-8573-cca06041a9b7,sim_user_0442,Simulated User 0442,271.02,19,6,0.3158,6,1,1,0.0221,0.0037,0.1667,0.0,0.0,1,0.0,human
dd30fa4b-0c32-478f-8628-46d2e3793996,sim_user_0443,Simulated User 0443,657.02,19,9,0.4737,6,5,5,0.0091,0.0076,0.8333,0.0,0.0,1,0.0,human
a06b59ce-d84c-4c4c-96f8-7c5db8155709,sim_user_0444,Simulated User 0444,648.02,22,6,0.2727,5,6,6,0.0077,0.0093,1.2,0.0,0.0,1,0.0,human
d8bc5bcd-2093-4d72-b483-ff99b08e6c5c,sim_user_0445,Simulated User 0445,831.02,19,13,0.6842,7,0,0,0.0084,0.0,0.0,0.0,0.0,0,0.0,human
07ea7562-3dc9-4795-98c5-5e80aef26960,sim_user_0446,Simulated User 0446,1191.02,13,4,0.3077,8,5,5,0.0067,0.0042,0.625,0.0,0.0,1,0.0,human
7925ff49-13e5-4841-a366-b1e8a35aeb55,sim_user_0447,Simulated User 0447,1295.02,19,8,0.4211,3,7,7,0.0023,0.0054,2.3333,0.1429,0.2857,1,0.0,human
22ea9567-226b-4297-b87b-39dad0e11411,sim_user_0448,Simulated User 0448,1114.02,23,15,0.6522,5,6,6,0.0045,0.0054,1.2,0.1667,0.3333,1,0.0,human
9ec0afe1-8cb1-4553-a6fb-a6415fe3d0d6,sim_user_0449,Simulated User 0449,1209.02,20,14,0.7,7,11,11,0.0058,0.0091,1.5714,0.0,0.0,2,0.0,human
0c3ff0fd-26b2-49a0-9a60-d7b4919d68cd,sim_user_0450,Simulated User 0450,408.02,14,11,0.7857,5,8,8,0.0123,0.0196,1.6,0.0,0.0,1,0.0,human
ee461119-2b9c-49cf-ae8a-8ae437303fe9,sim_bot_0001,Simulated Bot 0001,20.02,19,70,3.6842,1,69,65,0.0499,3.4462,69.0,0.9275,1.0,69,1.0,bot
eb066393-9446-464d-91f1-7bc691514356,sim_bot_0002,Simulated Bot 0002,42.02,21,67,3.1905,0,71,70,0.0,1.6896,71.0,0.9296,1.0,71,1.0,bot
7aa5e1e4-4110-4217-914d-51352034afc1,sim_bot_0003,Simulated Bot 0003,49.02,18,64,3.5556,2,40,40,0.0408,0.816,20.0,0.875,1.0,40,1.0,bot
14ac9ccb-5b0e-4849-9587-69315ff01f8c,sim_bot_0004,Simulated Bot 0004,52.02,17,74,4.3529,0,80,80,0.0,1.5378,80.0,0.9375,1.0,80,1.0,bot
b80a3005-8cf7-4590-abc9-71cb86595ead,sim_bot_0005,Simulated Bot 0005,36.02,22,101,4.5909,0,49,47,0.0,1.3603,49.0,0.898,1.0,49,1.0,bot
d55e265e-07c7-463d-aeb5-e61909cc6406,sim_bot_0006,Simulated Bot 0006,59.02,11,89,8.0909,1,69,69,0.0169,1.1691,69.0,0.9275,1.0,67,1.0,bot
3e2d0778-c9cc-4e3c-9aee-7ab6b71c2526,sim_bot_0007,Simulated Bot 0007,12.02,28,60,2.1429,2,51,51,0.1664,4.2421,25.5,0.902,1.0,49,1.0,bot
7e9cc0d3-308b-4cd5-940c-a072ce289d4a,sim_bot_0008,Simulated Bot 0008,35.02,17,64,3.7647,0,71,69,0.0,2.0273,71.0,0.9296,1.0,71,1.0,bot
36eb3a0c-2444-4329-9379-483521481d04,sim_bot_0009,Simulated Bot 0009,18.02,18,76,4.2222,2,41,41,0.111,2.275,20.5,0.878,1.0,40,1.0,bot
e7a895e9-98f4-4888-946b-29001082eeb5,sim_bot_0010,Simulated Bot 0010,28.02,15,93,6.2,1,67,65,0.0357,2.391,67.0,0.9254,1.0,66,1.0,bot
dfc863ee-37fd-4f9b-9800-93d8b56c70d1,sim_bot_0011,Simulated Bot 0011,24.02,22,77,3.5,1,57,57,0.0416,2.3728,57.0,0.9123,1.0,56,1.0,bot
33780faa-0dab-4f39-bec1-e93a169c108d,sim_bot_0012,Simulated Bot 0012,12.02,14,104,7.4286,1,46,46,0.0832,3.8262,46.0,0.8913,1.0,46,1.0,bot
8d258f14-a917-4a0d-9dc6-ead5a05b6c3a,sim_bot_0013,Simulated Bot 0013,9.02,13,63,4.8462,2,67,67,0.2217,7.4261,33.5,0.9254,1.0,67,1.0,bot
f27bed81-e818-4759-aa7e-0c3e9e258006,sim_bot_0014,Simulated Bot 0014,30.02,15,60,4.0,2,56,56,0.0666,1.8653,28.0,0.9107,1.0,55,1.0,bot
4b3b1c22-fdce-4fb3-b225-c22d775d44e0,sim_bot_0015,Simulated Bot 0015,8.02,11,83,7.5455,1,76,74,0.1247,9.4737,76.0,0.9342,1.0,76,1.0,bot
d9afb182-8daa-42f1-a945-98a239f65366,sim_bot_0016,Simulated Bot 0016,40.02,19,92,4.8421,0,68,66,0.0,1.6991,68.0,0.9265,1.0,66,1.0,bot
ca84ee4e-f9d7-4f0c-8e97-733e26a90952,sim_bot_0017,Simulated Bot 0017,34.02,19,63,3.3158,0,64,63,0.0,1.8811,64.0,0.9219,1.0,64,1.0,bot
6de21a35-c9ac-422b-91e3-368b6ee2a488,sim_bot_0018,Simulated Bot 0018,43.02,15,72,4.8,2,53,52,0.0465,1.2319,26.5,0.9057,1.0,53,1.0,bot
d6d56656-2119-4711-99d8-c2afee2c8963,sim_bot_0019,Simulated Bot 0019,45.02,12,62,5.1667,2,48,48,0.0444,1.0661,24.0,0.8958,1.0,47,1.0,bot
d5ffd0b5-fcbb-4d1f-8091-7f169292c837,sim_bot_0020,Simulated Bot 0020,33.02,16,85,5.3125,1,75,75,0.0303,2.2712,75.0,0.9333,1.0,75,1.0,bot
a20bba8e-7ba2-4981-8033-5a2d85d61ea1,sim_bot_0021,Simulated Bot 0021,34.02,19,85,4.4737,2,75,75,0.0588,2.2044,37.5,0.9333,1.0,74,1.0,bot
959ddeeb-6899-4740-bb32-0f55ef0bd06b,sim_bot_0022,Simulated Bot 0022,40.02,14,110,7.8571,2,71,71,0.05,1.774,35.5,0.9296,1.0,71,1.0,bot
5b6edf39-a123-46a9-815a-ae6a96eed2de,sim_bot_0023,Simulated Bot 0023,43.02,18,67,3.7222,1,60,60,0.0232,1.3946,60.0,0.9167,1.0,60,1.0,bot
feff3584-5e08-4f82-bfd0-e95ddfb59c48,sim_bot_0024,Simulated Bot 0024,24.02,16,98,6.125,2,75,72,0.0833,3.1221,37.5,0.9333,1.0,75,1.0,bot
1eb807fc-21fc-4080-a04d-0f2d748751d2,sim_bot_0025,Simulated Bot 0025,39.02,16,109,6.8125,2,70,70,0.0513,1.7938,35.0,0.9286,1.0,69,1.0,bot
6a360068-9418-4034-ac6b-74c8ffde1dcc,sim_bot_0026,Simulated Bot 0026,56.02,18,65,3.6111,1,63,62,0.0179,1.1246,63.0,0.9206,1.0,62,1.0,bot
3b37b241-62dd-4db2-93f1-33401e47b4e8,sim_bot_0027,Simulated Bot 0027,48.02,14,77,5.5,1,53,51,0.0208,1.1037,53.0,0.9057,1.0,53,1.0,bot
648d3329-e814-4468-8e08-0612f30ca003,sim_bot_0028,Simulated Bot 0028,33.02,20,116,5.8,0,46,45,0.0,1.393,46.0,0.8913,1.0,46,1.0,bot
36eb34d9-21f2-4b13-b995-dcd42e969181,sim_bot_0029,Simulated Bot 0029,24.02,20,98,4.9,0,68,67,0.0,2.8307,68.0,0.9265,1.0,68,1.0,bot
77a40587-1de4-4b6c-ad10-73a8bfda9a85,sim_bot_0030,Simulated Bot 0030,51.02,21,91,4.3333,2,57,56,0.0392,1.1172,28.5,0.9123,1.0,56,1.0,bot
d7fd5d4a-bb38-4b51-8d80-039e629f97ea,sim_bot_0031,Simulated Bot 0031,18.02,17,88,5.1765,0,63,62,0.0,3.4957,63.0,0.9206,1.0,63,1.0,bot
9bbaabba-d01a-4790-b4d9-c3fd0586faca,sim_bot_0032,Simulated Bot 0032,30.02,18,90,5.0,2,65,65,0.0666,2.1651,32.5,0.9231,1.0,65,1.0,bot
c90856f6-9a55-4336-b69a-e1a5d8c6666e,sim_bot_0033,Simulated Bot 0033,60.02,14,93,6.6429,1,75,74,0.0167,1.2495,75.0,0.9333,1.0,75,1.0,bot
09d06d36-3eb6-4ee0-a38a-77cb6d0fa458,sim_bot_0034,Simulated Bot 0034,11.02,12,80,6.6667,1,72,71,0.0907,6.5322,72.0,0.9306,1.0,72,1.0,bot
922ee6f8-fe6a-47a0-9bf0-3db1bb51ceaa,sim_bot_0035,Simulated Bot 0035,44.02,15,108,7.2,2,76,73,0.0454,1.7264,38.0,0.9342,1.0,75,1.0,bot
361a8494-cd58-4c94-92d2-4e22bb1130e4,sim_bot_0036,Simulated Bot 0036,8.02,12,76,6.3333,1,40,40,0.1247,4.9861,40.0,0.875,1.0,40,1.0,bot
7e63441c-9051-42f5-a86b-b410619a2746,sim_bot_0037,Simulated Bot 0037,18.02,16,117,7.3125,0,72,71,0.0,3.9951,72.0,0.9306,1.0,72,1.0,bot
a56c1d60-ad52-437b-ae82-09849ed1f6c3,sim_bot_0038,Simulated Bot 0038,29.02,10,76,7.6,0,58,56,0.0,1.9985,58.0,0.9138,1.0,58,1.0,bot
0e7d346f-05f2-4e0a-bd58-b7f9581042ae,sim_bot_0039,Simulated Bot 0039,56.02,16,95,5.9375,1,51,51,0.0179,0.9104,51.0,0.902,1.0,50,1.0,bot
c79cf97c-c6af-48db-a7d6-d0048fea199e,sim_bot_0040,Simulated Bot 0040,46.02,15,73,4.8667,1,41,41,0.0217,0.8909,41.0,0.878,1.0,39,1.0,bot
13c34157-02e1-4885-8be9-4245c477ba02,sim_bot_0041,Simulated Bot 0041,36.02,17,88,5.1765,0,48,46,0.0,1.3325,48.0,0.8958,1.0,48,1.0,bot
ddbe9646-b842-47bb-8c26-8fa30540e020,sim_bot_0042,Simulated Bot 0042,32.02,16,61,3.8125,2,49,49,0.0625,1.5302,24.5,0.898,1.0,49,1.0,bot
516228d3-d860-4ed7-a8c4-a517707e59b3,sim_bot_0043,Simulated Bot 0043,10.02,16,81,5.0625,2,79,78,0.1996,7.8825,39.5,0.9367,1.0,78,1.0,bot
5199a390-7fe7-4359-b7b5-9611e4d30f7b,sim_bot_0044,Simulated Bot 0044,43.02,10,65,6.5,2,73,71,0.0465,1.6968,36.5,0.9315,1.0,72,1.0,bot
0c42d9e4-8481-4b31-aa37-c2e56720c880,sim_bot_0045,Simulated Bot 0045,45.02,20,116,5.8,0,61,61,0.0,1.3549,61.0,0.918,1.0,61,1.0,bot
906230e5-dc50-4ad1-9194-47feb89d8a14,sim_bot_0046,Simulated Bot 0046,30.02,15,119,7.9333,0,58,57,0.0,1.9319,58.0,0.9138,1.0,58,1.0,bot
cae854fa-2e44-4d73-a18e-f0ab83609c71,sim_bot_0047,Simulated Bot 0047,12.02,21,73,3.4762,2,50,48,0.1664,4.159,25.0,0.9,1.0,50,1.0,bot
2c659f60-ffc0-4909-bd23-fe3d0407214e,sim_bot_0048,Simulated Bot 0048,22.02,11,98,8.9091,1,42,42,0.0454,1.9072,42.0,0.881,1.0,42,1.0,bot
449ab22e-1c86-4113-90ee-f814eec965e1,sim_bot_0049,Simulated Bot 0049,39.02,17,110,6.4706,0,77,75,0.0,1.9732,77.0,0.9351,1.0,77,1.0,bot
5b1054fb-bec7-40f5-bcc4-a08b9d5441fe,sim_bot_0050,Simulated Bot 0050,25.02,9,86,9.5556,0,70,67,0.0,2.7975,70.0,0.9286,1.0,70,1.0,bot
